sample_id	study_name	subject_id	body_site	study_condition	disease	age	infant_age	age_category	gender	country	non_westernized	sequencing_platform	DNA_extraction_kit	PMID	number_reads	number_bases	minimum_read_length	median_read_length	NCBI_accession	curator	days_from_first_collection	born_method	feeding_practice	disease_subtype	HLA	autoantibody_positive	age_seroconversion	age_T1D_diagnosis	age_raw	infant_age_raw	time_months	time_years	shannon	previous_time_months	previous_shannon	delta_time_months	delta_shannon	delta_shannon_per_month	interval_midpoint_months
PRJNA231909.3106384	KosticAD_2015	E001463	stool	control	healthy	1	450	child	male	FIN	no	IlluminaHiSeq	Qiagen	25662751	17879972	1805877172	101	101	SRR1980288;SRR1980326;SRR1980378;SRR1916442;SRR1909245	Paolo_Manghi,Marisa_Metzger	160	vaginal	mixed_feeding	T1D_nonconverter	DQB1*0302/*04-DRB1*0401	NA	NA	NA	1	450	5.25667351129363	0.438056125941136	1.9885361446008	0	1.91314995576995	5.25667351129363	0.0753861888308485	0.0143410445158684	2.62833675564682
PRJNA231909.3113111	KosticAD_2015	E001463	stool	control	healthy	1	680	child	male	FIN	no	IlluminaHiSeq	Qiagen	25662751	18561374	1874698774	101	101	SRR1980435;SRR1980449;SRR1980453;SRR1916414;SRR1909463	Paolo_Manghi,Marisa_Metzger	390	vaginal	mixed_feeding	T1D_nonconverter	DQB1*0302/*04-DRB1*0401	NA	NA	NA	1	680	12.8131416837782	1.06776180698152	1.97292532172458	5.25667351129363	1.9885361446008	7.5564681724846	-0.0156108228762186	-0.00206588878823871	9.03490759753593
PRJNA231909.3113114	KosticAD_2015	E001463	stool	control	healthy	2	860	child	male	FIN	no	IlluminaHiSeq	Qiagen	25662751	18624796	1881104396	101	101	SRR1980427;SRR1980463;SRR1980501;SRR1915652;SRR1909498	Paolo_Manghi,Marisa_Metzger	570	vaginal	mixed_feeding	T1D_nonconverter	DQB1*0302/*04-DRB1*0401	NA	NA	NA	2	860	18.7268993839836	1.5605749486653	2.91734695785826	12.8131416837782	1.97292532172458	5.91375770020534	0.944421636133672	0.15969907527677	15.7700205338809
PRJNA231909.3113118	KosticAD_2015	E001463	stool	control	healthy	2	950	child	male	FIN	no	IlluminaHiSeq	Qiagen	25662751	21721064	2193827464	101	101	SRR1980431;SRR1980467;SRR1980496;SRR1915782;SRR1909422	Paolo_Manghi,Marisa_Metzger	660	vaginal	mixed_feeding	T1D_nonconverter	DQB1*0302/*04-DRB1*0401	NA	NA	NA	2	950	21.6837782340862	1.80698151950719	2.04310803780366	18.7268993839836	2.91734695785826	2.95687885010267	-0.874238920054596	-0.295662745879575	20.2053388090349
PRJNA231909.3113627	KosticAD_2015	E001463	stool	control	healthy	2	1085	child	male	FIN	no	IlluminaHiSeq	Qiagen	25662751	19400116	1959411716	101	101	SRR1980452;SRR1980481;SRR1980489;SRR1915769;SRR1910240	Paolo_Manghi,Marisa_Metzger	795	vaginal	mixed_feeding	T1D_nonconverter	DQB1*0302/*04-DRB1*0401	NA	NA	NA	2	1085	26.1190965092402	2.17659137577002	1.84864185470991	21.6837782340862	2.04310803780366	4.435318275154	-0.194466183093747	-0.0438449218364143	23.9014373716632
PRJNA231909.3101336	KosticAD_2015	E003251	stool	T1D	T1D	0	250	newborn	female	FIN	no	IlluminaHiSeq	Qiagen	25662751	17856544	1803510944	101	101	SRR1980448;SRR1980472;SRR1980486;SRR1915807;SRR1909671	Paolo_Manghi,Marisa_Metzger	45	vaginal	mixed_feeding	NA	DQB1*0302/*0501-DRB*0401	IAA;GADA;IA-2A;ZNT8A;ICA	357.7	168	0	250	1.47843942505133	0.123203285420945	2.87493355615178	0	2.52720523240884	1.47843942505133	0.347728323742936	0.23519957453168	0.739219712525667
PRJNA231909.3101338	KosticAD_2015	E003251	stool	T1D	T1D	1	370	child	female	FIN	no	IlluminaHiSeq	Qiagen	25662751	17747142	1792461342	101	101	SRR1980433;SRR1980444;SRR1980488;SRR1915673;SRR1909582	Paolo_Manghi,Marisa_Metzger	165	vaginal	mixed_feeding	NA	DQB1*0302/*0501-DRB*0401	IAA;GADA;IA-2A;ZNT8A;ICA	357.7	168	1	370	5.42094455852156	0.451745379876797	3.24128836295376	1.47843942505133	2.87493355615178	3.94250513347023	0.366354806801984	0.0929243702669615	3.44969199178645
PRJNA231909.3107526	KosticAD_2015	E003251	stool	T1D	T1D	1	465	child	female	FIN	no	IlluminaHiSeq	Qiagen	25662751	17469050	1764374050	101	101	SRR1980443;SRR1980482;SRR1980493;SRR1915751;SRR1909476	Paolo_Manghi,Marisa_Metzger	260	vaginal	mixed_feeding	NA	DQB1*0302/*0501-DRB*0401	IAA;GADA;IA-2A;ZNT8A;ICA	357.7	168	1	465	8.54209445585216	0.711841204654346	3.25705366903482	5.42094455852156	3.24128836295376	3.1211498973306	0.0157653060810587	0.00505112109307606	6.98151950718686
PRJNA231909.3107527	KosticAD_2015	E003251	stool	T1D	T1D	1	505	child	female	FIN	no	IlluminaHiSeq	Qiagen	25662751	16312302	1647542502	101	101	SRR1980440;SRR1980446;SRR1980490;SRR1916431;SRR1909284	Paolo_Manghi,Marisa_Metzger	300	vaginal	mixed_feeding	NA	DQB1*0302/*0501-DRB*0401	IAA;GADA;IA-2A;ZNT8A;ICA	357.7	168	1	505	9.85626283367557	0.82135523613963	3.12722529733892	8.54209445585216	3.25705366903482	1.31416837782341	-0.1298283716959	-0.098791276587349	9.19917864476386
PRJNA231909.3101439	KosticAD_2015	E003989	stool	control	healthy	0	300	newborn	male	FIN	no	IlluminaHiSeq	Qiagen	25662751	25279948	2553274748	101	101	SRR1916030;SRR1918912;SRR1918926	Paolo_Manghi,Marisa_Metzger	95	vaginal	mixed_feeding	T1D_seroconverter	DQB1*0302/*04-DRB1*0401	IAA;GADA;ZNT8A;ICA	346.75	NA	0	300	3.1211498973306	0.26009582477755	2.39533735266352	0	2.23009222812628	3.1211498973306	0.165245124537242	0.0529436681905507	1.5605749486653
PRJNA231909.3107649	KosticAD_2015	E003989	stool	control	healthy	1	460	child	male	FIN	no	IlluminaHiSeq	Qiagen	25662751	22060320	2228092320	101	101	SRR1910574;SRR1910626;SRR1916054	Paolo_Manghi,Marisa_Metzger	255	vaginal	mixed_feeding	T1D_seroconverter	DQB1*0302/*04-DRB1*0401	IAA;GADA;ZNT8A;ICA	346.75	NA	1	460	8.37782340862423	0.698151950718686	2.13752102336598	3.1211498973306	2.39533735266352	5.25667351129364	-0.25781632929754	-0.0490455282687117	5.74948665297741
PRJNA231909.3107651	KosticAD_2015	E003989	stool	control	healthy	1	520	child	male	FIN	no	IlluminaHiSeq	Qiagen	25662751	22967694	2319737094	101	101	SRR1910621;SRR1916034;SRR1916032	Paolo_Manghi,Marisa_Metzger	315	vaginal	mixed_feeding	T1D_seroconverter	DQB1*0302/*04-DRB1*0401	IAA;GADA;ZNT8A;ICA	346.75	NA	1	520	10.3490759753593	0.862422997946612	2.46655964735719	8.37782340862423	2.13752102336598	1.97125256673511	0.329038623991208	0.166918551962207	9.36344969199179
PRJNA231909.3113065	KosticAD_2015	E003989	stool	control	healthy	1	650	child	male	FIN	no	IlluminaHiSeq	Qiagen	25662751	27041804	2731222204	101	101	SRR1910612;SRR1910707;SRR1910709	Paolo_Manghi,Marisa_Metzger	445	vaginal	mixed_feeding	T1D_seroconverter	DQB1*0302/*04-DRB1*0401	IAA;GADA;ZNT8A;ICA	346.75	NA	1	650	14.6201232032854	1.21834360027379	2.77571560035372	10.3490759753593	2.46655964735719	4.27104722792608	0.309155952996538	0.0723841101487087	12.4845995893224
PRJNA231909.3113068	KosticAD_2015	E003989	stool	control	healthy	2	750	child	male	FIN	no	IlluminaHiSeq	Qiagen	25662751	25867740	2612641740	101	101	SRR1910653;SRR1910683;SRR1915645	Paolo_Manghi,Marisa_Metzger	545	vaginal	mixed_feeding	T1D_seroconverter	DQB1*0302/*04-DRB1*0401	IAA;GADA;ZNT8A;ICA	346.75	NA	2	750	17.9055441478439	1.492128678987	2.63099891199356	14.6201232032854	2.77571560035372	3.28542094455852	-0.144716688360165	-0.0440481420196251	16.2628336755647
PRJNA231909.3113996	KosticAD_2015	E003989	stool	control	healthy	2	1020	child	male	FIN	no	IlluminaHiSeq	Qiagen	25662751	22515174	2274032574	101	101	SRR1916024;SRR1916593;SRR1918906	Paolo_Manghi,Marisa_Metzger	815	vaginal	mixed_feeding	T1D_seroconverter	DQB1*0302/*04-DRB1*0401	IAA;GADA;ZNT8A;ICA	346.75	NA	2	1020	26.776180698152	2.23134839151266	2.14796602514304	17.9055441478439	2.63099891199356	8.87063655030801	-0.483032886850518	-0.0544530129389358	22.3408624229979
PRJNA231909.3108874	KosticAD_2015	E006547	stool	control	healthy	1	475	child	male	FIN	no	IlluminaHiSeq	Qiagen	25662751	19760006	1995760606	101	101	SRR1980437;SRR1980445;SRR1980468;SRR1915838;SRR1909540	Paolo_Manghi,Marisa_Metzger	100	vaginal	mixed_feeding	T1D_nonconverter	DQB1*0302/*0501-DRB1*0404	NA	NA	NA	1	475	3.28542094455852	0.27378507871321	2.43508997419445	0	2.25231975428933	3.28542094455852	0.18277021990512	0.055630685683621	1.64271047227926
PRJNA231909.3108875	KosticAD_2015	E006547	stool	control	healthy	1	560	child	male	FIN	no	IlluminaHiSeq	Qiagen	25662751	19627996	1982427596	101	101	SRR1980304;SRR1980307;SRR1980381;SRR1915813;SRR1909665	Paolo_Manghi,Marisa_Metzger	185	vaginal	mixed_feeding	T1D_nonconverter	DQB1*0302/*0501-DRB1*0404	NA	NA	NA	1	560	6.07802874743327	0.506502395619439	3.03199710473124	3.28542094455852	2.43508997419445	2.79260780287474	0.59690713053679	0.213745421008395	4.68172484599589
PRJNA231909.3113669	KosticAD_2015	E006547	stool	control	healthy	2	760	child	male	FIN	no	IlluminaHiSeq	Qiagen	25662751	16967172	1713684372	101	101	SRR1980459;SRR1980460;SRR1980480;SRR1916416;SRR1915868	Paolo_Manghi,Marisa_Metzger	385	vaginal	mixed_feeding	T1D_nonconverter	DQB1*0302/*0501-DRB1*0404	NA	NA	NA	2	760	12.6488706365503	1.05407255304586	2.88535803518191	6.07802874743327	3.03199710473124	6.57084188911704	-0.146639069549323	-0.0223166333970376	9.36344969199179
PRJNA231909.3114784	KosticAD_2015	E006547	stool	control	healthy	2	1015	child	male	FIN	no	IlluminaHiSeq	Qiagen	25662751	17203908	1737594708	101	101	SRR1980442;SRR1980483;SRR1980495;SRR1916453;SRR1915913	Paolo_Manghi,Marisa_Metzger	640	vaginal	mixed_feeding	T1D_nonconverter	DQB1*0302/*0501-DRB1*0404	NA	NA	NA	2	1015	21.0266940451745	1.75222450376454	3.01935145050194	12.6488706365503	2.88535803518191	8.37782340862423	0.133993415320022	0.0159938218776595	16.8377823408624
PRJNA231909.3107861	KosticAD_2015	E006574	stool	T1D	T1D	1	370	child	male	FIN	no	IlluminaHiSeq	Qiagen	25662751	20131632	2033294832	101	101	SRR1980294;SRR1980308;SRR1980359;SRR1915904;SRR1915816	Paolo_Manghi,Marisa_Metzger	125	vaginal	mixed_feeding	NA	DQB1*0302/*0*01-DRB1*0401	IAA;GADA;IA-2A;ZNT8A;ICA	532.9	339.55	1	370	4.10677618069815	0.342231348391513	2.30118427293011	0	2.2380930339459	4.10677618069815	0.0630912389842093	0.015362716692655	2.05338809034908
PRJNA231909.3107883	KosticAD_2015	E006574	stool	T1D	T1D	1	440	child	male	FIN	no	IlluminaHiSeq	Qiagen	25662751	21355400	2156895400	101	101	SRR1980387;SRR1980391;SRR1980406;SRR1915633;SRR1909385	Paolo_Manghi,Marisa_Metzger	195	vaginal	mixed_feeding	NA	DQB1*0302/*0*01-DRB1*0401	IAA;GADA;IA-2A;ZNT8A;ICA	532.9	339.55	1	440	6.40657084188912	0.53388090349076	2.60254971030158	4.10677618069815	2.30118427293011	2.29979466119097	0.301365437371473	0.131040149999917	5.25667351129363
PRJNA231909.3108096	KosticAD_2015	E006574	stool	T1D	T1D	1	520	child	male	FIN	no	IlluminaHiSeq	Qiagen	25662751	20001364	2020137764	101	101	SRR1980316;SRR1980358;SRR1980366;SRR1915929;SRR1915792	Paolo_Manghi,Marisa_Metzger	275	vaginal	mixed_feeding	NA	DQB1*0302/*0*01-DRB1*0401	IAA;GADA;IA-2A;ZNT8A;ICA	532.9	339.55	1	520	9.03490759753593	0.752908966461328	2.38638076556395	6.40657084188912	2.60254971030158	2.62833675564682	-0.216168944737634	-0.0822455281931469	7.72073921971253
PRJNA231909.3108098	KosticAD_2015	E006574	stool	T1D	T1D	1	550	child	male	FIN	no	IlluminaHiSeq	Qiagen	25662751	20782482	2099030682	101	101	SRR1980297;SRR1980329;SRR1980344;SRR1915884;SRR1915772	Paolo_Manghi,Marisa_Metzger	305	vaginal	mixed_feeding	NA	DQB1*0302/*0*01-DRB1*0401	IAA;GADA;IA-2A;ZNT8A;ICA	532.9	339.55	1	550	10.0205338809035	0.835044490075291	2.59784665050241	9.03490759753593	2.38638076556395	0.985626283367557	0.211465884938463	0.214549762427149	9.52772073921971
PRJNA231909.3108100	KosticAD_2015	E006574	stool	T1D	T1D	1	620	child	male	FIN	no	IlluminaHiSeq	Qiagen	25662751	17839956	1801835556	101	101	SRR1980287;SRR1980313;SRR1980335;SRR1915674;SRR1909576	Paolo_Manghi,Marisa_Metzger	375	vaginal	mixed_feeding	NA	DQB1*0302/*0*01-DRB1*0401	IAA;GADA;IA-2A;ZNT8A;ICA	532.9	339.55	1	620	12.3203285420945	1.02669404517454	3.06437904301399	10.0205338809035	2.59784665050241	2.29979466119097	0.466532392511583	0.202858281386733	11.170431211499
PRJNA231909.3108103	KosticAD_2015	E006574	stool	T1D	T1D	1	680	child	male	FIN	no	IlluminaHiSeq	Qiagen	25662751	17456750	1763131750	101	101	SRR1980299;SRR1980306;SRR1980367;SRR1915839;SRR1915664	Paolo_Manghi,Marisa_Metzger	435	vaginal	mixed_feeding	NA	DQB1*0302/*0*01-DRB1*0401	IAA;GADA;IA-2A;ZNT8A;ICA	532.9	339.55	1	680	14.2915811088296	1.19096509240246	2.65346677878395	12.3203285420945	3.06437904301399	1.97125256673511	-0.410912264230038	-0.20845236737503	13.305954825462
PRJNA231909.3108105	KosticAD_2015	E006574	stool	T1D	T1D	2	790	child	male	FIN	no	IlluminaHiSeq	Qiagen	25662751	19237304	1942967704	101	101	SRR1980286;SRR1980355;SRR1980364;SRR1915873;SRR1915605	Paolo_Manghi,Marisa_Metzger	545	vaginal	mixed_feeding	NA	DQB1*0302/*0*01-DRB1*0401	IAA;GADA;IA-2A;ZNT8A;ICA	532.9	339.55	2	790	17.9055441478439	1.492128678987	2.69313355624217	14.2915811088296	2.65346677878395	3.61396303901438	0.03966677745822	0.0109759776262234	16.0985626283368
PRJNA231909.3108107	KosticAD_2015	E006574	stool	T1D	T1D	2	830	child	male	FIN	no	IlluminaHiSeq	Qiagen	25662751	20026872	2022714072	101	101	SRR1980300;SRR1980314;SRR1980399;SRR1915588;SRR1909666	Paolo_Manghi,Marisa_Metzger	585	vaginal	mixed_feeding	NA	DQB1*0302/*0*01-DRB1*0401	IAA;GADA;IA-2A;ZNT8A;ICA	532.9	339.55	2	830	19.2197125256674	1.60164271047228	2.46491985817717	17.9055441478439	2.69313355624217	1.31416837782341	-0.228213698065004	-0.173656360871339	18.5626283367556
PRJNA231909.3108363	KosticAD_2015	E006574	stool	T1D	T1D	2	915	child	male	FIN	no	IlluminaHiSeq	Qiagen	25662751	18866044	1905470444	101	101	SRR1980295;SRR1980296;SRR1980361;SRR1915593;SRR1909496	Paolo_Manghi,Marisa_Metzger	670	vaginal	mixed_feeding	NA	DQB1*0302/*0*01-DRB1*0401	IAA;GADA;IA-2A;ZNT8A;ICA	532.9	339.55	2	915	22.0123203285421	1.83436002737851	2.20995641561778	19.2197125256674	2.46491985817717	2.79260780287474	-0.254963442559391	-0.0912994092106052	20.6160164271047
PRJNA231909.3113933	KosticAD_2015	E006673	stool	control	healthy	0	335	newborn	female	FIN	no	IlluminaHiSeq	Qiagen	25662751	17461012	1763562212	101	101	SRR1980309;SRR1980317;SRR1980350;SRR1915951;SRR1915808	Paolo_Manghi,Marisa_Metzger	105	vaginal	mixed_feeding	T1D_nonconverter	DQA1*05/*03-DQB1*02/*0302-DRB1*0401	NA	NA	NA	0	335	3.44969199178645	0.287474332648871	2.96853135320383	0	2.63215483999079	3.44969199178645	0.336376513213043	0.097509144008781	1.72484599589322
PRJNA231909.3113936	KosticAD_2015	E006673	stool	control	healthy	1	430	child	female	FIN	no	IlluminaHiSeq	Qiagen	25662751	18579440	1876523440	101	101	SRR1980310;SRR1980362;SRR1980392;SRR1916401;SRR1909367	Paolo_Manghi,Marisa_Metzger	200	vaginal	mixed_feeding	T1D_nonconverter	DQA1*05/*03-DQB1*02/*0302-DRB1*0401	NA	NA	NA	1	430	6.57084188911704	0.54757015742642	3.21222907396081	3.44969199178645	2.96853135320383	3.1211498973306	0.243697720756975	0.0780794671109517	5.01026694045175
PRJNA231909.3114810	KosticAD_2015	E006673	stool	control	healthy	1	520	child	female	FIN	no	IlluminaHiSeq	Qiagen	25662751	18121306	1830251906	101	101	SRR1980298;SRR1980343;SRR1980402;SRR1915819;SRR1909212	Paolo_Manghi,Marisa_Metzger	290	vaginal	mixed_feeding	T1D_nonconverter	DQA1*05/*03-DQB1*02/*0302-DRB1*0401	NA	NA	NA	1	520	9.52772073921971	0.793976728268309	3.25646707275665	6.57084188911704	3.21222907396081	2.95687885010267	0.0442379987958366	0.0149610454260919	8.04928131416838
PRJNA231909.3107376	KosticAD_2015	E010590	stool	control	healthy	0	325	newborn	male	FIN	no	IlluminaHiSeq	Qiagen	25662751	19544036	1973947636	101	101	SRR1980353;SRR1980363;SRR1980380;SRR1915880;SRR1915685	Paolo_Manghi,Marisa_Metzger	85	vaginal	mixed_feeding	T1D_nonconverter	DQB1*0302/*04-DRB1*0401	NA	NA	NA	0	325	2.79260780287474	0.232717316906229	2.05270364250501	0	2.10531453548862	2.79260780287474	-0.0526108929836036	-0.0188393418257463	1.39630390143737
PRJNA231909.3108601	KosticAD_2015	E010590	stool	control	healthy	1	420	child	male	FIN	no	IlluminaHiSeq	Qiagen	25662751	19692478	1988940278	101	101	SRR1980293;SRR1980315;SRR1980321;SRR1915693;SRR1909394	Paolo_Manghi,Marisa_Metzger	180	vaginal	mixed_feeding	T1D_nonconverter	DQB1*0302/*04-DRB1*0401	NA	NA	NA	1	420	5.91375770020534	0.492813141683778	2.95184856985975	2.79260780287474	2.05270364250501	3.1211498973306	0.899144927354736	0.288081302382734	4.35318275154004
PRJNA231909.3112363	KosticAD_2015	E010590	stool	control	healthy	1	510	child	male	FIN	no	IlluminaHiSeq	Qiagen	25662751	25243086	2549551686	101	101	SRR1980302;SRR1980303;SRR1980394;SRR1915939;SRR1915825	Paolo_Manghi,Marisa_Metzger	270	vaginal	mixed_feeding	T1D_nonconverter	DQB1*0302/*04-DRB1*0401	NA	NA	NA	1	510	8.87063655030801	0.739219712525667	3.26880049708752	5.91375770020534	2.95184856985975	2.95687885010267	0.316951927227775	0.107191380944393	7.39219712525667
PRJNA231909.3112365	KosticAD_2015	E010590	stool	control	healthy	1	545	child	male	FIN	no	IlluminaHiSeq	Qiagen	25662751	16982236	1715205836	101	101	SRR1980397;SRR1980407;SRR1980408;SRR1915785;SRR1909546	Paolo_Manghi,Marisa_Metzger	305	vaginal	mixed_feeding	T1D_nonconverter	DQB1*0302/*04-DRB1*0401	NA	NA	NA	1	545	10.0205338809035	0.835044490075291	2.69860041563498	8.87063655030801	3.26880049708752	1.14989733059548	-0.570200081452541	-0.495870427977478	9.44558521560575
PRJNA231909.3112367	KosticAD_2015	E010590	stool	control	healthy	1	675	child	male	FIN	no	IlluminaHiSeq	Qiagen	25662751	14016486	1415665086	101	101	SRR1980311;SRR1980334;SRR1980405;SRR1915907;SRR1915586	Paolo_Manghi,Marisa_Metzger	435	vaginal	mixed_feeding	T1D_nonconverter	DQB1*0302/*04-DRB1*0401	NA	NA	NA	1	675	14.2915811088296	1.19096509240246	2.60135231916755	10.0205338809035	2.69860041563498	4.27104722792608	-0.0972480964674278	-0.0227691456632872	12.1560574948665
PRJNA231909.3113765	KosticAD_2015	E010590	stool	control	healthy	2	730	child	male	FIN	no	IlluminaHiSeq	Qiagen	25662751	18224640	1840688640	101	101	SRR1980289;SRR1980360;SRR1980373;SRR1915841;SRR1915610	Paolo_Manghi,Marisa_Metzger	490	vaginal	mixed_feeding	T1D_nonconverter	DQB1*0302/*04-DRB1*0401	NA	NA	NA	2	730	16.0985626283368	1.34154688569473	2.41308153125312	14.2915811088296	2.60135231916755	1.80698151950719	-0.188270787914431	-0.104190765584464	15.1950718685832
PRJNA231909.3113767	KosticAD_2015	E010590	stool	control	healthy	2	820	child	male	FIN	no	IlluminaHiSeq	Qiagen	25662751	20376670	2058043670	101	101	SRR1980333;SRR1980341;SRR1980368;SRR1915945;SRR1915753	Paolo_Manghi,Marisa_Metzger	580	vaginal	mixed_feeding	T1D_nonconverter	DQB1*0302/*04-DRB1*0401	NA	NA	NA	2	820	19.0554414784394	1.58795345653662	3.19005755685309	16.0985626283368	2.41308153125312	2.95687885010267	0.776976025599966	0.262768975324433	17.5770020533881
PRJNA231909.3115315	KosticAD_2015	E010590	stool	control	healthy	2	900	child	male	FIN	no	IlluminaHiSeq	Qiagen	25662751	16948662	1711814862	101	101	SRR1980345;SRR1980352;SRR1980371;SRR1915869;SRR1915679	Paolo_Manghi,Marisa_Metzger	660	vaginal	mixed_feeding	T1D_nonconverter	DQB1*0302/*04-DRB1*0401	NA	NA	NA	2	900	21.6837782340862	1.80698151950719	2.86267187353731	19.0554414784394	3.19005755685309	2.62833675564682	-0.327385683315783	-0.124560021699052	20.3696098562628
PRJNA231909.3107336	KosticAD_2015	E010629	stool	control	healthy	1	380	child	male	FIN	no	IlluminaHiSeq	Qiagen	25662751	21965668	2218532468	101	101	SRR1915997;SRR1916592;SRR1916822	Paolo_Manghi,Marisa_Metzger	215	vaginal	mixed_feeding	T1D_seroconverter	DQB1*0302/*0501-DRB1*0401	IAA;GADA;ZNT8A;ICA	945.35	NA	1	380	7.06365503080082	0.588637919233402	2.74244236697564	0	1.47073491580253	7.06365503080082	1.2717074511731	0.180035328116658	3.53182751540041
PRJNA231909.3115087	KosticAD_2015	E010629	stool	control	healthy	2	1080	child	male	FIN	no	IlluminaHiSeq	Qiagen	25662751	22725862	2295312062	101	101	SRR1915989;SRR1918908;SRR1918832	Paolo_Manghi,Marisa_Metzger	915	vaginal	mixed_feeding	T1D_seroconverter	DQB1*0302/*0501-DRB1*0401	IAA;GADA;ZNT8A;ICA	945.35	NA	2	1080	30.0616016427105	2.50513347022587	2.65745102158573	7.06365503080082	2.74244236697564	22.9979466119097	-0.084991345389906	-0.00369560582186466	18.5626283367556
PRJNA231909.3112358	KosticAD_2015	E010937	stool	T1D	T1D	1	380	child	female	FIN	no	IlluminaHiSeq	Qiagen	25662751	21790516	2200842116	101	101	SRR1980291;SRR1980376;SRR1980401;SRR1915910;SRR1915655	Paolo_Manghi,Marisa_Metzger	135	vaginal	exclusively_breastfeeding	NA	DQA1*05/*03-DQB1*02/*0302-DRB1*0401	IAA;IA-2A;ZNT8A;ICA	905.2	959.95	1	380	4.435318275154	0.369609856262834	2.36951942815625	0	0.913496500978222	4.435318275154	1.45602292717802	0.328279243303564	2.217659137577
PRJNA231909.3112359	KosticAD_2015	E010937	stool	T1D	T1D	1	505	child	female	FIN	no	IlluminaHiSeq	Qiagen	25662751	17280866	1745367466	101	101	SRR1980357;SRR1980369;SRR1980390;SRR1915934;SRR1915601	Paolo_Manghi,Marisa_Metzger	260	vaginal	exclusively_breastfeeding	NA	DQA1*05/*03-DQB1*02/*0302-DRB1*0401	IAA;IA-2A;ZNT8A;ICA	905.2	959.95	1	505	8.54209445585216	0.711841204654346	2.26718293599287	4.435318275154	2.36951942815625	4.10677618069815	-0.102336492163377	-0.0249189358417824	6.48870636550308
PRJNA231909.3112360	KosticAD_2015	E010937	stool	T1D	T1D	1	625	child	female	FIN	no	IlluminaHiSeq	Qiagen	25662751	18403130	1858716130	101	101	SRR1980342;SRR1980356;SRR1980375;SRR1915937;SRR1915639	Paolo_Manghi,Marisa_Metzger	380	vaginal	exclusively_breastfeeding	NA	DQA1*05/*03-DQB1*02/*0302-DRB1*0401	IAA;IA-2A;ZNT8A;ICA	905.2	959.95	1	625	12.4845995893224	1.0403832991102	2.50651426549192	8.54209445585216	2.26718293599287	3.94250513347023	0.239331329499048	0.0607053945135605	10.5133470225873
PRJNA231909.3113831	KosticAD_2015	E010937	stool	T1D	T1D	1	655	child	female	FIN	no	IlluminaHiSeq	Qiagen	25662751	14521438	1466665238	101	101	SRR1980312;SRR1980325;SRR1980338;SRR1915622;SRR1910188	Paolo_Manghi,Marisa_Metzger	410	vaginal	exclusively_breastfeeding	NA	DQA1*05/*03-DQB1*02/*0302-DRB1*0401	IAA;IA-2A;ZNT8A;ICA	905.2	959.95	1	655	13.4702258726899	1.12251882272416	2.16912856291418	12.4845995893224	2.50651426549192	0.985626283367557	-0.337385702577734	-0.342305910740326	12.9774127310062
PRJNA231909.3113834	KosticAD_2015	E010937	stool	T1D	T1D	1	690	child	female	FIN	no	IlluminaHiSeq	Qiagen	25662751	16290706	1645361306	101	101	SRR1980225;SRR1980236;SRR1980237;SRR1916405;SRR1909635	Paolo_Manghi,Marisa_Metzger	445	vaginal	exclusively_breastfeeding	NA	DQA1*05/*03-DQB1*02/*0302-DRB1*0401	IAA;IA-2A;ZNT8A;ICA	905.2	959.95	1	690	14.6201232032854	1.21834360027379	2.15280777271451	13.4702258726899	2.16912856291418	1.14989733059548	-0.0163207901996731	-0.0141932586200729	14.0451745379877
PRJNA231909.3115067	KosticAD_2015	E010937	stool	T1D	T1D	2	955	child	female	FIN	no	IlluminaHiSeq	Qiagen	25662751	32425092	3274934292	101	101	SRR1980150;SRR1980153;SRR1980159;SRR1916425;SRR1909354	Paolo_Manghi,Marisa_Metzger	710	vaginal	exclusively_breastfeeding	NA	DQA1*05/*03-DQB1*02/*0302-DRB1*0401	IAA;IA-2A;ZNT8A;ICA	905.2	959.95	2	955	23.3264887063655	1.94387405886379	2.0979576726361	14.6201232032854	2.15280777271451	8.70636550308008	-0.0548501000784087	-0.00629999970240214	18.9733059548255
PRJNA231909.3115068	KosticAD_2015	E010937	stool	T1D	T1D	2	970	child	female	FIN	no	IlluminaHiSeq	Qiagen	25662751	17381146	1755495746	101	101	SRR1980144;SRR1980155;SRR1980156;SRR1915630;SRR1910238	Paolo_Manghi,Marisa_Metzger	725	vaginal	exclusively_breastfeeding	NA	DQA1*05/*03-DQB1*02/*0302-DRB1*0401	IAA;IA-2A;ZNT8A;ICA	905.2	959.95	2	970	23.8193018480493	1.98494182067077	2.27569791419632	23.3264887063655	2.0979576726361	0.492813141683779	0.177740241560223	0.360664573499286	23.5728952772074
PRJNA231909.3115070	KosticAD_2015	E010937	stool	T1D	T1D	2	1020	child	female	FIN	no	IlluminaHiSeq	Qiagen	25662751	15087974	1523885374	101	101	SRR1980161;SRR1980228;SRR1980232;SRR1915837;SRR1909509	Paolo_Manghi,Marisa_Metzger	775	vaginal	exclusively_breastfeeding	NA	DQA1*05/*03-DQB1*02/*0302-DRB1*0401	IAA;IA-2A;ZNT8A;ICA	905.2	959.95	2	1020	25.4620123203285	2.12183436002738	2.41969145689599	23.8193018480493	2.27569791419632	1.64271047227926	0.143993542699671	0.0876560691184247	24.6406570841889
PRJNA231909.3107978	KosticAD_2015	E016924	stool	control	healthy	0	270	newborn	female	FIN	no	IlluminaHiSeq	Qiagen	25662751	44849370	4529786370	101	101	SRR1980456;SRR1980465;SRR1980474;SRR1916433;SRR1915626;SRR1916028;SRR1916043;SRR1909693	Paolo_Manghi,Marisa_Metzger	125	vaginal	mixed_feeding	T1D_nonconverter	DQA1*05-DQB1*02/*04	NA	NA	NA	0	270	4.10677618069815	0.342231348391513	2.65284215695233	0	2.23993020037982	4.10677618069815	0.412911956572516	0.100544061425408	2.05338809034908
PRJNA231909.3109940	KosticAD_2015	E016924	stool	control	healthy	1	510	child	female	FIN	no	IlluminaHiSeq	Qiagen	25662751	41450012	4186451212	101	101	SRR1980451;SRR1980461;SRR1980491;SRR1916025;SRR1916843;SRR1918918;SRR1915779;SRR1909515	Paolo_Manghi,Marisa_Metzger	365	vaginal	mixed_feeding	T1D_nonconverter	DQA1*05-DQB1*02/*04	NA	NA	NA	1	510	11.9917864476386	0.999315537303217	2.93536735081988	4.10677618069815	2.65284215695233	7.88501026694045	0.28252519386755	0.0358306691180981	8.04928131416838
PRJNA231909.3109945	KosticAD_2015	E016924	stool	control	healthy	2	760	child	female	FIN	no	IlluminaHiSeq	Qiagen	25662751	38817112	3920528312	101	101	SRR1980432;SRR1980471;SRR1980492;SRR1915678;SRR1915663;SRR1916023;SRR1916049;SRR1909597	Paolo_Manghi,Marisa_Metzger	615	vaginal	mixed_feeding	T1D_nonconverter	DQA1*05-DQB1*02/*04	NA	NA	NA	2	760	20.2053388090349	1.68377823408624	3.19422701226484	11.9917864476386	2.93536735081988	8.2135523613963	0.258859661444959	0.0315161637809238	16.0985626283368
PRJNA231909.3109952	KosticAD_2015	E016924	stool	control	healthy	2	890	child	female	FIN	no	IlluminaHiSeq	Qiagen	25662751	23424106	2365834706	101	101	SRR1910668;SRR1910692;SRR1916045	Paolo_Manghi,Marisa_Metzger	745	vaginal	mixed_feeding	T1D_nonconverter	DQA1*05-DQB1*02/*04	NA	NA	NA	2	890	24.476386036961	2.03969883641342	3.23405829859219	20.2053388090349	3.19422701226484	4.27104722792608	0.0398312863273462	0.0093258829045277	22.3408624229979
PRJNA231909.3114865	KosticAD_2015	E016924	stool	control	healthy	3	1125	child	female	FIN	no	IlluminaHiSeq	Qiagen	25662751	52566746	5309241346	101	101	SRR1980428;SRR1980438;SRR1980441;SRR1916417;SRR1918923;SRR1918833;SRR1915998;SRR1909676	Paolo_Manghi,Marisa_Metzger	980	vaginal	mixed_feeding	T1D_nonconverter	DQA1*05-DQB1*02/*04	NA	NA	NA	3	1125	32.1971252566735	2.68309377138946	2.85852541705824	24.476386036961	3.23405829859219	7.72073921971252	-0.375532881533947	-0.0486394982199554	28.3367556468172
PRJNA231909.3111970	KosticAD_2015	E017751	stool	control	healthy	0	310	newborn	female	FIN	no	IlluminaHiSeq	Qiagen	25662751	23656460	2389302460	101	101	SRR1910591;SRR1915870;SRR1915878	Paolo_Manghi,Marisa_Metzger	135	vaginal	mixed_feeding	T1D_seroconverter	DQA1*05-DQB1*02/*0604	IAA;ICA	175.2	NA	0	310	4.435318275154	0.369609856262834	2.8924382613044	0	2.56426348152861	4.435318275154	0.328174779775789	0.0739912582179671	2.217659137577
PRJNA231909.3112924	KosticAD_2015	E017751	stool	control	healthy	1	500	child	female	FIN	no	IlluminaHiSeq	Qiagen	25662751	21184592	2139643792	101	101	SRR1918822;SRR1918827;SRR1915986	Paolo_Manghi,Marisa_Metzger	325	vaginal	mixed_feeding	T1D_seroconverter	DQA1*05-DQB1*02/*0604	IAA;ICA	175.2	NA	1	500	10.6776180698152	0.889801505817933	2.86027986666034	4.435318275154	2.8924382613044	6.24229979466119	-0.0321583946440529	-0.00515169019462295	7.5564681724846
PRJNA231909.3112925	KosticAD_2015	E017751	stool	control	healthy	1	685	child	female	FIN	no	IlluminaHiSeq	Qiagen	25662751	24685018	2493186818	101	101	SRR1915879;SRR1910619;SRR1910618	Paolo_Manghi,Marisa_Metzger	510	vaginal	mixed_feeding	T1D_seroconverter	DQA1*05-DQB1*02/*0604	IAA;ICA	175.2	NA	1	685	16.7556468172485	1.39630390143737	3.03502480454054	10.6776180698152	2.86027986666034	6.07802874743327	0.174744937880193	0.0287502651174507	13.7166324435318
PRJNA231909.3113339	KosticAD_2015	E017751	stool	control	healthy	1	720	child	female	FIN	no	IlluminaHiSeq	Qiagen	25662751	24404444	2464848844	101	101	SRR1915993;SRR1916819;SRR1918924	Paolo_Manghi,Marisa_Metzger	545	vaginal	mixed_feeding	T1D_seroconverter	DQA1*05-DQB1*02/*0604	IAA;ICA	175.2	NA	1	720	17.9055441478439	1.492128678987	2.77092463431965	16.7556468172485	3.03502480454054	1.14989733059548	-0.264100170220891	-0.22967282660281	17.3305954825462
PRJNA231909.3113393	KosticAD_2015	E017751	stool	control	healthy	2	780	child	female	FIN	no	IlluminaHiSeq	Qiagen	25662751	23414760	2364890760	101	101	SRR1916000;SRR1916844;SRR1918909	Paolo_Manghi,Marisa_Metzger	605	vaginal	mixed_feeding	T1D_seroconverter	DQA1*05-DQB1*02/*0604	IAA;ICA	175.2	NA	2	780	19.8767967145791	1.65639972621492	2.11167424188972	17.9055441478439	2.77092463431965	1.97125256673511	-0.659250392429923	-0.33443223032643	18.8911704312115
PRJNA231909.3115615	KosticAD_2015	E017751	stool	control	healthy	2	1000	child	female	FIN	no	IlluminaHiSeq	Qiagen	25662751	26697032	2696400232	101	101	SRR1910580;SRR1910622;SRR1916039	Paolo_Manghi,Marisa_Metzger	825	vaginal	mixed_feeding	T1D_seroconverter	DQA1*05-DQB1*02/*0604	IAA;ICA	175.2	NA	2	1000	27.1047227926078	2.25872689938398	3.0401602904301	19.8767967145791	2.11167424188972	7.22792607802875	0.928486048540376	0.128458155011126	23.4907597535934
PRJNA231909.3108488	KosticAD_2015	E018113	stool	control	healthy	1	440	child	female	FIN	no	IlluminaHiSeq	Qiagen	25662751	85788266	8664614866	101	101	SRR1916017;SRR1916764;SRR1916818	Paolo_Manghi,Marisa_Metzger	110	vaginal	mixed_feeding	T1D_seroconverter	DQB1*0302/*04-DRB1*0401	IAA;GADA;IA-2A;ZNT8A;ICA	587.65	NA	1	440	3.61396303901437	0.301163586584531	2.41007435584325	0	1.66458327719228	3.61396303901437	0.745491078650977	0.206280770058537	1.80698151950719
PRJNA231909.3108490	KosticAD_2015	E018113	stool	control	healthy	1	570	child	female	FIN	no	IlluminaHiSeq	Qiagen	25662751	23061970	2329258970	101	101	SRR1916018;SRR1918915;SRR1918919	Paolo_Manghi,Marisa_Metzger	240	vaginal	mixed_feeding	T1D_seroconverter	DQB1*0302/*04-DRB1*0401	IAA;GADA;IA-2A;ZNT8A;ICA	587.65	NA	1	570	7.88501026694045	0.657084188911704	2.30609281045856	3.61396303901437	2.41007435584325	4.27104722792608	-0.103981545384691	-0.0243456791357426	5.74948665297741
PRJNA231909.3109997	KosticAD_2015	E018113	stool	control	healthy	1	600	child	female	FIN	no	IlluminaHiSeq	Qiagen	25662751	23748190	2398567190	101	101	SRR1916014;SRR1918913;SRR1918922	Paolo_Manghi,Marisa_Metzger	270	vaginal	mixed_feeding	T1D_seroconverter	DQB1*0302/*04-DRB1*0401	IAA;GADA;IA-2A;ZNT8A;ICA	587.65	NA	1	600	8.87063655030801	0.739219712525667	2.48134482437788	7.88501026694045	2.30609281045856	0.985626283367557	0.17525201391932	0.177807772455643	8.37782340862423
PRJNA231909.3110006	KosticAD_2015	E018113	stool	control	healthy	1	630	child	female	FIN	no	IlluminaHiSeq	Qiagen	25662751	23259930	2349252930	101	101	SRR1918927;SRR1918830;SRR1916001	Paolo_Manghi,Marisa_Metzger	300	vaginal	mixed_feeding	T1D_seroconverter	DQB1*0302/*04-DRB1*0401	IAA;GADA;IA-2A;ZNT8A;ICA	587.65	NA	1	630	9.85626283367557	0.82135523613963	2.49349197267656	8.87063655030801	2.48134482437788	0.985626283367557	0.0121471482986779	0.012324294211367	9.36344969199179
PRJNA231909.3112121	KosticAD_2015	E018113	stool	control	healthy	1	725	child	female	FIN	no	IlluminaHiSeq	Qiagen	25662751	25422856	2567708456	101	101	SRR1910832;SRR1910853;SRR1913123	Paolo_Manghi,Marisa_Metzger	395	vaginal	mixed_feeding	T1D_seroconverter	DQB1*0302/*04-DRB1*0401	IAA;GADA;IA-2A;ZNT8A;ICA	587.65	NA	1	725	12.9774127310062	1.08145106091718	2.92462481334272	9.85626283367557	2.49349197267656	3.12114989733059	0.431132840666155	0.138132693029222	11.4168377823409
PRJNA231909.3112122	KosticAD_2015	E018113	stool	control	healthy	2	750	child	female	FIN	no	IlluminaHiSeq	Qiagen	25662751	21934966	2215431566	101	101	SRR1918905;SRR1916009;SRR1918911	Paolo_Manghi,Marisa_Metzger	420	vaginal	mixed_feeding	T1D_seroconverter	DQB1*0302/*04-DRB1*0401	IAA;GADA;IA-2A;ZNT8A;ICA	587.65	NA	2	750	13.7987679671458	1.14989733059548	2.94071927792073	12.9774127310062	2.92462481334272	0.821355236139631	0.0160944645780088	0.0195950106237257	13.388090349076
PRJNA231909.3113663	KosticAD_2015	E018113	stool	control	healthy	2	820	child	female	FIN	no	IlluminaHiSeq	Qiagen	25662751	23328528	2356181328	101	101	SRR1910864;SRR1913044;SRR1913067	Paolo_Manghi,Marisa_Metzger	490	vaginal	mixed_feeding	T1D_seroconverter	DQB1*0302/*04-DRB1*0401	IAA;GADA;IA-2A;ZNT8A;ICA	587.65	NA	2	820	16.0985626283368	1.34154688569473	2.40395037716898	13.7987679671458	2.94071927792073	2.29979466119096	-0.536768900751748	-0.233398620237591	14.9486652977413
PRJNA231909.3108440	KosticAD_2015	E018268	stool	control	healthy	1	500	child	female	FIN	no	IlluminaHiSeq	Qiagen	25662751	19140386	1933178986	101	101	SRR1980434;SRR1980455;SRR1980469;SRR1915899;SRR1915617	Paolo_Manghi,Marisa_Metzger	150	vaginal	mixed_feeding	T1D_nonconverter	DQB1*0302/*0604-DRB1*0404	NA	NA	NA	1	500	4.92813141683778	0.410677618069815	2.48954547039149	0	2.94770092162053	4.92813141683778	-0.458155451229047	-0.0929673769785607	2.46406570841889
PRJNA231909.3113604	KosticAD_2015	E018268	stool	control	healthy	1	650	child	female	FIN	no	IlluminaHiSeq	Qiagen	25662751	17742650	1792007650	101	101	SRR1980328;SRR1980330;SRR1980351;SRR1915636;SRR1909569	Paolo_Manghi,Marisa_Metzger	300	vaginal	mixed_feeding	T1D_nonconverter	DQB1*0302/*0604-DRB1*0404	NA	NA	NA	1	650	9.85626283367557	0.82135523613963	2.46578696549048	4.92813141683778	2.48954547039149	4.92813141683778	-0.0237585049010089	-0.0048209966194964	7.39219712525667
PRJNA231909.3114755	KosticAD_2015	E018268	stool	control	healthy	2	750	child	female	FIN	no	IlluminaHiSeq	Qiagen	25662751	20265646	2046830246	101	101	SRR1980450;SRR1980462;SRR1980454;SRR1915657;SRR1909448	Paolo_Manghi,Marisa_Metzger	400	vaginal	mixed_feeding	T1D_nonconverter	DQB1*0302/*0604-DRB1*0404	NA	NA	NA	2	750	13.1416837782341	1.09514031485284	2.88272713262543	9.85626283367557	2.46578696549048	3.28542094455852	0.416940167134954	0.126906163371702	11.4989733059548
PRJNA231909.3115643	KosticAD_2015	E018268	stool	control	healthy	2	890	child	female	FIN	no	IlluminaHiSeq	Qiagen	25662751	19960336	2015993936	101	101	SRR1980430;SRR1980464;SRR1980470;SRR1915881;SRR1915665	Paolo_Manghi,Marisa_Metzger	540	vaginal	mixed_feeding	T1D_nonconverter	DQB1*0302/*0604-DRB1*0404	NA	NA	NA	2	890	17.741273100616	1.47843942505133	2.57448719678539	13.1416837782341	2.88272713262543	4.59958932238193	-0.308239935840037	-0.0670146646223653	15.4414784394251
PRJNA231909.3115644	KosticAD_2015	E018268	stool	control	healthy	2	1030	child	female	FIN	no	IlluminaHiSeq	Qiagen	25662751	18789098	1897698898	101	101	SRR1980160;SRR1980235;SRR1980152;SRR1915620;SRR1909481	Paolo_Manghi,Marisa_Metzger	680	vaginal	mixed_feeding	T1D_nonconverter	DQB1*0302/*0604-DRB1*0404	NA	NA	NA	2	1030	22.3408624229979	1.86173853524983	2.54018356969673	17.741273100616	2.57448719678539	4.59958932238193	-0.034303627088665	-0.00745797606793743	20.041067761807
PRJNA231909.3115646	KosticAD_2015	E018268	stool	control	healthy	3	1230	child	female	FIN	no	IlluminaHiSeq	Qiagen	25662751	14857864	1500644264	101	101	SRR1980479;SRR1980487;SRR1980502;SRR1916398;SRR1909379	Paolo_Manghi,Marisa_Metzger	880	vaginal	mixed_feeding	T1D_nonconverter	DQB1*0302/*0604-DRB1*0404	NA	NA	NA	3	1230	28.911704312115	2.40930869267625	3.10805332212532	22.3408624229979	2.54018356969673	6.57084188911704	0.567869752428592	0.0864226779477263	25.6262833675565
PRJNA231909.3110090	KosticAD_2015	E022137	stool	control	healthy	1	390	child	male	FIN	no	IlluminaHiSeq	Qiagen	25662751	20973010	2118274010	101	101	SRR1910570;SRR1910830;SRR1915817	Paolo_Manghi,Marisa_Metzger	120	vaginal	mixed_feeding	T1D_seroconverter	DQB1*0302/*0501-DRB1*0401	IAA;GADA;IA-2A;ZNT8A;ICA	562.1	NA	1	390	3.94250513347023	0.328542094455852	3.34236366816015	0	3.1743153522388	3.94250513347023	0.168048315921356	0.0426247551321357	1.97125256673511
PRJNA231909.3112419	KosticAD_2015	E022137	stool	control	healthy	1	660	child	male	FIN	no	IlluminaHiSeq	Qiagen	25662751	27584152	2785999352	101	101	SRR1916005;SRR1918831;SRR1916008	Paolo_Manghi,Marisa_Metzger	390	vaginal	mixed_feeding	T1D_seroconverter	DQB1*0302/*0501-DRB1*0401	IAA;GADA;IA-2A;ZNT8A;ICA	562.1	NA	1	660	12.8131416837782	1.06776180698152	2.79983437716186	3.94250513347023	3.34236366816015	8.87063655030801	-0.54252929099829	-0.061160130721335	8.37782340862423
PRJNA231909.3113044	KosticAD_2015	E022137	stool	control	healthy	2	760	child	male	FIN	no	IlluminaHiSeq	Qiagen	25662751	25597390	2585336390	101	101	SRR1918825;SRR1918829;SRR1915995	Paolo_Manghi,Marisa_Metzger	490	vaginal	mixed_feeding	T1D_seroconverter	DQB1*0302/*0501-DRB1*0401	IAA;GADA;IA-2A;ZNT8A;ICA	562.1	NA	2	760	16.0985626283368	1.34154688569473	2.80062478849379	12.8131416837782	2.79983437716186	3.28542094455852	0.00079041133192348	0.000240581449154209	14.4558521560575
PRJNA231909.3114201	KosticAD_2015	E022137	stool	control	healthy	2	890	child	male	FIN	no	IlluminaHiSeq	Qiagen	25662751	25921316	2618052916	101	101	SRR1910596;SRR1916046;SRR1916061	Paolo_Manghi,Marisa_Metzger	620	vaginal	mixed_feeding	T1D_seroconverter	DQB1*0302/*0501-DRB1*0401	IAA;GADA;IA-2A;ZNT8A;ICA	562.1	NA	2	890	20.3696098562628	1.6974674880219	2.18192456447357	16.0985626283368	2.80062478849379	4.27104722792608	-0.618700224020218	-0.144859138989349	18.2340862422998
PRJNA231909.3112348	KosticAD_2015	E022852	stool	control	healthy	1	520	child	male	FIN	no	IlluminaHiSeq	Qiagen	25662751	17498060	1767304060	101	101	SRR1980476;SRR1980497;SRR1980475;SRR1915627;SRR1910216	Paolo_Manghi,Marisa_Metzger	150	c_section	mixed_feeding	T1D_nonconverter	DQB1*0302/*0501-DRB1*0404	NA	NA	NA	1	520	4.92813141683778	0.410677618069815	1.84311121670485	0	2.99380427731244	4.92813141683778	-1.15069306060759	-0.233494800214956	2.46406570841889
PRJNA231909.3113035	KosticAD_2015	E022852	stool	control	healthy	1	680	child	male	FIN	no	IlluminaHiSeq	Qiagen	25662751	15249426	1540192026	101	101	SRR1980473;SRR1980485;SRR1980504;SRR1916438;SRR1909679	Paolo_Manghi,Marisa_Metzger	310	c_section	mixed_feeding	T1D_nonconverter	DQB1*0302/*0501-DRB1*0404	NA	NA	NA	1	680	10.1848049281314	0.848733744010951	2.01039280683203	4.92813141683778	1.84311121670485	5.25667351129363	0.167281590127176	0.0318227087468495	7.5564681724846
PRJNA231909.3114185	KosticAD_2015	E022852	stool	control	healthy	2	980	child	male	FIN	no	IlluminaHiSeq	Qiagen	25662751	19920606	2011981206	101	101	SRR1980477;SRR1980494;SRR1980498;SRR1915623;SRR1910209	Paolo_Manghi,Marisa_Metzger	610	c_section	mixed_feeding	T1D_nonconverter	DQB1*0302/*0501-DRB1*0404	NA	NA	NA	2	980	20.041067761807	1.67008898015058	2.16498108221043	10.1848049281314	2.01039280683203	9.85626283367557	0.154588275378398	0.0156842687727667	15.1129363449692
PRJNA231909.3108332	KosticAD_2015	E026079	stool	control	healthy	1	375	child	male	FIN	no	IlluminaHiSeq	Qiagen	25662751	24211790	2445390790	101	101	SRR1910631;SRR1910655;SRR1916029	Paolo_Manghi,Marisa_Metzger	145	vaginal	mixed_feeding	T1D_seroconverter	DQB1*0302/*04-DRB1*0401	IAA;GADA	580.35	NA	1	375	4.76386036960986	0.396988364134155	3.00103771858709	0	2.78316968022104	4.76386036960986	0.21786803836605	0.0457335063294251	2.38193018480493
PRJNA231909.3114542	KosticAD_2015	E026079	stool	control	healthy	1	630	child	male	FIN	no	IlluminaHiSeq	Qiagen	25662751	51035582	5154593782	101	101	SRR1915992;SRR1916821;SRR1916823	Paolo_Manghi,Marisa_Metzger	400	vaginal	mixed_feeding	T1D_seroconverter	DQB1*0302/*04-DRB1*0401	IAA;GADA	580.35	NA	1	630	13.1416837782341	1.09514031485284	1.28787205226027	4.76386036960986	3.00103771858709	8.37782340862423	-1.71316566632682	-0.20448815674048	8.95277207392197
PRJNA231909.3114545	KosticAD_2015	E026079	stool	control	healthy	2	755	child	male	FIN	no	IlluminaHiSeq	Qiagen	25662751	27042654	2731308054	101	101	SRR1915996;SRR1918916;SRR1918828	Paolo_Manghi,Marisa_Metzger	525	vaginal	mixed_feeding	T1D_seroconverter	DQB1*0302/*04-DRB1*0401	IAA;GADA	580.35	NA	2	755	17.2484599589322	1.43737166324435	2.12527380145078	13.1416837782341	1.28787205226027	4.10677618069815	0.837401749190513	0.20390732592789	15.1950718685832
PRJNA231909.3105378	KosticAD_2015	T013815	stool	control	healthy	0	190	newborn	female	EST	no	IlluminaHiSeq	Qiagen	25662751	22320632	2254383832	101	101	SRR1910697;SRR1910700;SRR1916050	Paolo_Manghi,Marisa_Metzger	140	vaginal	exclusively_breastfeeding	T1D_seroconverter	DQA1*05/*0201-DQB1*02/*02	IAA;GADA	350.4	NA	0	190	4.59958932238193	0.383299110198494	0.941553071520169	0	0.756365627743709	4.59958932238193	0.18518744377646	0.0402617344281857	2.29979466119096
PRJNA231909.3105379	KosticAD_2015	T013815	stool	control	healthy	1	400	child	female	EST	no	IlluminaHiSeq	Qiagen	25662751	23681878	2391869678	101	101	SRR1916041;SRR1916411;SRR1910711	Paolo_Manghi,Marisa_Metzger	350	vaginal	exclusively_breastfeeding	T1D_seroconverter	DQA1*05/*0201-DQB1*02/*02	IAA;GADA	350.4	NA	1	400	11.4989733059548	0.958247775496235	1.62029161143846	4.59958932238193	0.941553071520169	6.8993839835729	0.678738539918291	0.0983766871845856	8.04928131416838
PRJNA231909.3109753	KosticAD_2015	T013815	stool	control	healthy	1	480	child	female	EST	no	IlluminaHiSeq	Qiagen	25662751	28944908	2923435708	101	101	SRR1910678;SRR1916056;SRR1910595	Paolo_Manghi,Marisa_Metzger	430	vaginal	exclusively_breastfeeding	T1D_seroconverter	DQA1*05/*0201-DQB1*02/*02	IAA;GADA	350.4	NA	1	480	14.1273100616016	1.1772758384668	1.91735305898905	11.4989733059548	1.62029161143846	2.62833675564682	0.297061447550592	0.113022597622764	12.8131416837782
PRJNA231909.3109755	KosticAD_2015	T013815	stool	control	healthy	1	490	child	female	EST	no	IlluminaHiSeq	Qiagen	25662751	25779360	2603715360	101	101	SRR1910592;SRR1910703;SRR1916055	Paolo_Manghi,Marisa_Metzger	440	vaginal	exclusively_breastfeeding	T1D_seroconverter	DQA1*05/*0201-DQB1*02/*02	IAA;GADA	350.4	NA	1	490	14.4558521560575	1.20465434633812	2.30653217906962	14.1273100616016	1.91735305898905	0.328542094455852	0.389179120080573	1.18456394674525	14.2915811088296
PRJNA231909.3117378	KosticAD_2015	T013815	stool	control	healthy	1	640	child	female	EST	no	IlluminaHiSeq	Qiagen	25662751	23016064	2324622464	101	101	SRR1980724;SRR1980725;SRR1980726	Paolo_Manghi,Marisa_Metzger	590	vaginal	exclusively_breastfeeding	T1D_seroconverter	DQA1*05/*0201-DQB1*02/*02	IAA;GADA	350.4	NA	1	640	19.3839835728953	1.61533196440794	1.55222804131601	14.4558521560575	2.30653217906962	4.92813141683778	-0.754304137753619	-0.153060881285839	16.9199178644764
PRJNA231909.3117380	KosticAD_2015	T013815	stool	control	healthy	1	685	child	female	EST	no	IlluminaHiSeq	Qiagen	25662751	23933462	2417279662	101	101	SRR1910654;SRR1916042;SRR1916051	Paolo_Manghi,Marisa_Metzger	635	vaginal	exclusively_breastfeeding	T1D_seroconverter	DQA1*05/*0201-DQB1*02/*02	IAA;GADA	350.4	NA	1	685	20.8624229979466	1.73853524982888	2.90034886977719	19.3839835728953	1.55222804131601	1.47843942505133	1.34812082846119	0.911853949250831	20.1232032854209
PRJNA231909.3117383	KosticAD_2015	T013815	stool	control	healthy	2	730	child	female	EST	no	IlluminaHiSeq	Qiagen	25662751	27573204	2784893604	101	101	SRR1910605;SRR1910694;SRR1916048	Paolo_Manghi,Marisa_Metzger	680	vaginal	exclusively_breastfeeding	T1D_seroconverter	DQA1*05/*0201-DQB1*02/*02	IAA;GADA	350.4	NA	2	730	22.3408624229979	1.86173853524983	2.68864388046149	20.8624229979466	2.90034886977719	1.47843942505133	-0.2117049893157	-0.14319490249548	21.6016427104723
PRJNA231909.3103736	KosticAD_2015	T014292	stool	control	healthy	0	312	newborn	female	EST	no	IlluminaHiSeq	Qiagen	25662751	18249490	1843198490	101	101	SRR1980484;SRR1980503;SRR1980458;SRR1915827;SRR1909412	Paolo_Manghi,Marisa_Metzger	62	vaginal	exclusively_breastfeeding	T1D_nonconverter	DQA1*05/*03-DQB1*02/*0301	NA	NA	NA	0	312	2.03696098562628	0.16974674880219	1.90812130248202	0	2.12139066831313	2.03696098562628	-0.213269365831108	-0.104699779394909	1.01848049281314
PRJNA231909.3116468	KosticAD_2015	T014292	stool	control	healthy	1	460	child	female	EST	no	IlluminaHiSeq	Qiagen	25662751	17242518	1741494318	101	101	SRR1980149;SRR1980154;SRR1980233;SRR1915651;SRR1909358	Paolo_Manghi,Marisa_Metzger	210	vaginal	exclusively_breastfeeding	T1D_nonconverter	DQA1*05/*03-DQB1*02/*0301	NA	NA	NA	1	460	6.8993839835729	0.574948665297741	2.93553278333165	2.03696098562628	1.90812130248202	4.86242299794661	1.02741148084963	0.211296195597031	4.46817248459959
PRJNA231909.3116471	KosticAD_2015	T014292	stool	control	healthy	1	562	child	female	EST	no	IlluminaHiSeq	Qiagen	25662751	17058130	1722871130	101	101	SRR1980164;SRR1980248;SRR1980158;SRR1915766;SRR1909607	Paolo_Manghi,Marisa_Metzger	312	vaginal	exclusively_breastfeeding	T1D_nonconverter	DQA1*05/*03-DQB1*02/*0301	NA	NA	NA	1	562	10.2505133470226	0.854209445585215	2.49852012342102	6.8993839835729	2.93553278333165	3.35112936344969	-0.437012659910622	-0.130407576823819	8.57494866529774
PRJNA231909.3117624	KosticAD_2015	T014292	stool	control	healthy	1	640	child	female	EST	no	IlluminaHiSeq	Qiagen	25662751	25234382	2548672582	101	101	SRR1980439;SRR1980499;SRR1980500;SRR1916399;SRR1909572	Paolo_Manghi,Marisa_Metzger	390	vaginal	exclusively_breastfeeding	T1D_nonconverter	DQA1*05/*03-DQB1*02/*0301	NA	NA	NA	1	640	12.8131416837782	1.06776180698152	2.97899924940017	10.2505133470226	2.49852012342102	2.56262833675565	0.480479125979149	0.187494658935774	11.5318275154004
PRJNA231909.3117627	KosticAD_2015	T014292	stool	control	healthy	2	740	child	female	EST	no	IlluminaHiSeq	Qiagen	25662751	19233240	1942557240	101	101	SRR1980162;SRR1980226;SRR1980231;SRR1915786;SRR1909574	Paolo_Manghi,Marisa_Metzger	490	vaginal	exclusively_breastfeeding	T1D_nonconverter	DQA1*05/*03-DQB1*02/*0301	NA	NA	NA	2	740	16.0985626283368	1.34154688569473	2.98044504873233	12.8131416837782	2.97899924940017	3.28542094455852	0.00144579933215949	0.000440065171726046	14.4558521560575
PRJNA231909.3117245	KosticAD_2015	T025418	stool	T1D	T1D	1	390	child	female	EST	no	IlluminaHiSeq	Qiagen	25662751	17918626	1809781226	101	101	SRR1980327;SRR1980340;SRR1980374;SRR1915886;SRR1915687	Paolo_Manghi,Marisa_Metzger	135	vaginal	mixed_feeding	NA	DQA1*0201/*03-DQB1*02/*0302-DRB1*0404	IAA;GADA;IA-2A;ICA	540.2	879.65	1	390	4.435318275154	0.369609856262834	2.5101496126696	0	2.36239012525865	4.435318275154	0.147759487410958	0.0333142918375631	2.217659137577
PRJNA231909.3117247	KosticAD_2015	T025418	stool	T1D	T1D	1	470	child	female	EST	no	IlluminaHiSeq	Qiagen	25662751	16758764	1692635164	101	101	SRR1980004;SRR1980005;SRR1980003;SRR1915770;SRR1910201	Paolo_Manghi,Marisa_Metzger	215	vaginal	mixed_feeding	NA	DQA1*0201/*03-DQB1*02/*0302-DRB1*0404	IAA;GADA;IA-2A;ICA	540.2	879.65	1	470	7.06365503080082	0.588637919233402	2.78605958582691	4.435318275154	2.5101496126696	2.62833675564682	0.275909973157305	0.104975122599694	5.74948665297741
PRJNA231909.3117249	KosticAD_2015	T025418	stool	T1D	T1D	1	510	child	female	EST	no	IlluminaHiSeq	Qiagen	25662751	16962482	1713210682	101	101	SRR1980347;SRR1980370;SRR1980377;SRR1915618;SRR1909520	Paolo_Manghi,Marisa_Metzger	255	vaginal	mixed_feeding	NA	DQA1*0201/*03-DQB1*02/*0302-DRB1*0404	IAA;GADA;IA-2A;ICA	540.2	879.65	1	510	8.37782340862423	0.698151950718686	2.86354603049146	7.06365503080082	2.78605958582691	1.31416837782341	0.0774864446645491	0.0589623414869303	7.72073921971253
PRJNA231909.3119726	KosticAD_2015	T025418	stool	T1D	T1D	1	560	child	female	EST	no	IlluminaHiSeq	Qiagen	25662751	18500484	1868548884	101	101	SRR1980318;SRR1980384;SRR1980386;SRR1915757;SRR1909506	Paolo_Manghi,Marisa_Metzger	305	vaginal	mixed_feeding	NA	DQA1*0201/*03-DQB1*02/*0302-DRB1*0404	IAA;GADA;IA-2A;ICA	540.2	879.65	1	560	10.0205338809035	0.835044490075291	2.95716224070791	8.37782340862423	2.86354603049146	1.64271047227926	0.0936162102164499	0.0569888679692639	9.19917864476386
PRJNA231909.3119727	KosticAD_2015	T025418	stool	T1D	T1D	1	625	child	female	EST	no	IlluminaHiSeq	Qiagen	25662751	15857436	1601601036	101	101	SRR1980301;SRR1980348;SRR1980396;SRR1915872;SRR1915609	Paolo_Manghi,Marisa_Metzger	370	vaginal	mixed_feeding	NA	DQA1*0201/*03-DQB1*02/*0302-DRB1*0404	IAA;GADA;IA-2A;ICA	540.2	879.65	1	625	12.1560574948665	1.01300479123888	3.03823352418897	10.0205338809035	2.95716224070791	2.13552361396304	0.0810712834810605	0.0379631875531504	11.088295687885
PRJNA231909.3119729	KosticAD_2015	T025418	stool	T1D	T1D	2	1015	child	female	EST	no	IlluminaHiSeq	Qiagen	25662751	19885824	2008468224	101	101	SRR1980290;SRR1980331;SRR1980337;SRR1915784;SRR1909590	Paolo_Manghi,Marisa_Metzger	760	vaginal	mixed_feeding	NA	DQA1*0201/*03-DQB1*02/*0302-DRB1*0404	IAA;GADA;IA-2A;ICA	540.2	879.65	2	1015	24.9691991786448	2.0807665982204	2.97665092625977	12.1560574948665	3.03823352418897	12.8131416837782	-0.0615825979292	-0.00480620596017955	18.5626283367556
