sample_id	study_name	subject_id	body_site	study_condition	disease	age	infant_age	age_category	gender	country	non_westernized	sequencing_platform	DNA_extraction_kit	PMID	number_reads	number_bases	minimum_read_length	median_read_length	NCBI_accession	curator	days_from_first_collection	born_method	feeding_practice	disease_subtype	HLA	autoantibody_positive	age_seroconversion	age_T1D_diagnosis	age_raw	infant_age_raw	time_months	time_years	shannon	baseline_sample_id	baseline_time_months	distance_from_baseline	time_from_baseline_months
PRJNA231909.3101140	KosticAD_2015	E001463	stool	control	healthy	0	290	newborn	male	FIN	no	IlluminaHiSeq	Qiagen	25662751	16608690	1677477690	101	101	SRR1980365;SRR1980382;SRR1980395;SRR1915604;SRR1910135	Paolo_Manghi,Marisa_Metzger	0	vaginal	mixed_feeding	T1D_nonconverter	DQB1*0302/*04-DRB1*0401	NA	NA	NA	0	290	0	0	1.91314995576995	PRJNA231909.3101140	0	0	0
PRJNA231909.3106384	KosticAD_2015	E001463	stool	control	healthy	1	450	child	male	FIN	no	IlluminaHiSeq	Qiagen	25662751	17879972	1805877172	101	101	SRR1980288;SRR1980326;SRR1980378;SRR1916442;SRR1909245	Paolo_Manghi,Marisa_Metzger	160	vaginal	mixed_feeding	T1D_nonconverter	DQB1*0302/*04-DRB1*0401	NA	NA	NA	1	450	5.25667351129363	0.438056125941136	1.9885361446008	PRJNA231909.3101140	0	0.496000714253563	5.25667351129363
PRJNA231909.3113111	KosticAD_2015	E001463	stool	control	healthy	1	680	child	male	FIN	no	IlluminaHiSeq	Qiagen	25662751	18561374	1874698774	101	101	SRR1980435;SRR1980449;SRR1980453;SRR1916414;SRR1909463	Paolo_Manghi,Marisa_Metzger	390	vaginal	mixed_feeding	T1D_nonconverter	DQB1*0302/*04-DRB1*0401	NA	NA	NA	1	680	12.8131416837782	1.06776180698152	1.97292532172458	PRJNA231909.3101140	0	0.530084016524963	12.8131416837782
PRJNA231909.3113114	KosticAD_2015	E001463	stool	control	healthy	2	860	child	male	FIN	no	IlluminaHiSeq	Qiagen	25662751	18624796	1881104396	101	101	SRR1980427;SRR1980463;SRR1980501;SRR1915652;SRR1909498	Paolo_Manghi,Marisa_Metzger	570	vaginal	mixed_feeding	T1D_nonconverter	DQB1*0302/*04-DRB1*0401	NA	NA	NA	2	860	18.7268993839836	1.5605749486653	2.91734695785826	PRJNA231909.3101140	0	0.610131926574978	18.7268993839836
PRJNA231909.3113118	KosticAD_2015	E001463	stool	control	healthy	2	950	child	male	FIN	no	IlluminaHiSeq	Qiagen	25662751	21721064	2193827464	101	101	SRR1980431;SRR1980467;SRR1980496;SRR1915782;SRR1909422	Paolo_Manghi,Marisa_Metzger	660	vaginal	mixed_feeding	T1D_nonconverter	DQB1*0302/*04-DRB1*0401	NA	NA	NA	2	950	21.6837782340862	1.80698151950719	2.04310803780366	PRJNA231909.3101140	0	0.51516591856182	21.6837782340862
PRJNA231909.3113627	KosticAD_2015	E001463	stool	control	healthy	2	1085	child	male	FIN	no	IlluminaHiSeq	Qiagen	25662751	19400116	1959411716	101	101	SRR1980452;SRR1980481;SRR1980489;SRR1915769;SRR1910240	Paolo_Manghi,Marisa_Metzger	795	vaginal	mixed_feeding	T1D_nonconverter	DQB1*0302/*04-DRB1*0401	NA	NA	NA	2	1085	26.1190965092402	2.17659137577002	1.84864185470991	PRJNA231909.3101140	0	0.520898211138423	26.1190965092402
PRJNA231909.3101335	KosticAD_2015	E003251	stool	T1D	T1D	0	205	newborn	female	FIN	no	IlluminaHiSeq	Qiagen	25662751	18610116	1879621716	101	101	SRR1980429;SRR1980436;SRR1980457;SRR1915666;SRR1909299	Paolo_Manghi,Marisa_Metzger	0	vaginal	mixed_feeding	NA	DQB1*0302/*0501-DRB*0401	IAA;GADA;IA-2A;ZNT8A;ICA	357.7	168	0	205	0	0	2.52720523240884	PRJNA231909.3101335	0	0	0
PRJNA231909.3101336	KosticAD_2015	E003251	stool	T1D	T1D	0	250	newborn	female	FIN	no	IlluminaHiSeq	Qiagen	25662751	17856544	1803510944	101	101	SRR1980448;SRR1980472;SRR1980486;SRR1915807;SRR1909671	Paolo_Manghi,Marisa_Metzger	45	vaginal	mixed_feeding	NA	DQB1*0302/*0501-DRB*0401	IAA;GADA;IA-2A;ZNT8A;ICA	357.7	168	0	250	1.47843942505133	0.123203285420945	2.87493355615178	PRJNA231909.3101335	0	0.469035041407067	1.47843942505133
PRJNA231909.3101338	KosticAD_2015	E003251	stool	T1D	T1D	1	370	child	female	FIN	no	IlluminaHiSeq	Qiagen	25662751	17747142	1792461342	101	101	SRR1980433;SRR1980444;SRR1980488;SRR1915673;SRR1909582	Paolo_Manghi,Marisa_Metzger	165	vaginal	mixed_feeding	NA	DQB1*0302/*0501-DRB*0401	IAA;GADA;IA-2A;ZNT8A;ICA	357.7	168	1	370	5.42094455852156	0.451745379876797	3.24128836295376	PRJNA231909.3101335	0	0.519052196541129	5.42094455852156
PRJNA231909.3107526	KosticAD_2015	E003251	stool	T1D	T1D	1	465	child	female	FIN	no	IlluminaHiSeq	Qiagen	25662751	17469050	1764374050	101	101	SRR1980443;SRR1980482;SRR1980493;SRR1915751;SRR1909476	Paolo_Manghi,Marisa_Metzger	260	vaginal	mixed_feeding	NA	DQB1*0302/*0501-DRB*0401	IAA;GADA;IA-2A;ZNT8A;ICA	357.7	168	1	465	8.54209445585216	0.711841204654346	3.25705366903482	PRJNA231909.3101335	0	0.598860156632995	8.54209445585216
PRJNA231909.3107527	KosticAD_2015	E003251	stool	T1D	T1D	1	505	child	female	FIN	no	IlluminaHiSeq	Qiagen	25662751	16312302	1647542502	101	101	SRR1980440;SRR1980446;SRR1980490;SRR1916431;SRR1909284	Paolo_Manghi,Marisa_Metzger	300	vaginal	mixed_feeding	NA	DQB1*0302/*0501-DRB*0401	IAA;GADA;IA-2A;ZNT8A;ICA	357.7	168	1	505	9.85626283367557	0.82135523613963	3.12722529733892	PRJNA231909.3101335	0	0.627746154835617	9.85626283367557
PRJNA231909.3101436	KosticAD_2015	E003989	stool	control	healthy	0	205	newborn	male	FIN	no	IlluminaHiSeq	Qiagen	25662751	24063540	2430417540	101	101	SRR1910718;SRR1910914;SRR1915875	Paolo_Manghi,Marisa_Metzger	0	vaginal	mixed_feeding	T1D_seroconverter	DQB1*0302/*04-DRB1*0401	IAA;GADA;ZNT8A;ICA	346.75	NA	0	205	0	0	2.23009222812628	PRJNA231909.3101436	0	0	0
PRJNA231909.3101439	KosticAD_2015	E003989	stool	control	healthy	0	300	newborn	male	FIN	no	IlluminaHiSeq	Qiagen	25662751	25279948	2553274748	101	101	SRR1916030;SRR1918912;SRR1918926	Paolo_Manghi,Marisa_Metzger	95	vaginal	mixed_feeding	T1D_seroconverter	DQB1*0302/*04-DRB1*0401	IAA;GADA;ZNT8A;ICA	346.75	NA	0	300	3.1211498973306	0.26009582477755	2.39533735266352	PRJNA231909.3101436	0	0.424953152204775	3.1211498973306
PRJNA231909.3107649	KosticAD_2015	E003989	stool	control	healthy	1	460	child	male	FIN	no	IlluminaHiSeq	Qiagen	25662751	22060320	2228092320	101	101	SRR1910574;SRR1910626;SRR1916054	Paolo_Manghi,Marisa_Metzger	255	vaginal	mixed_feeding	T1D_seroconverter	DQB1*0302/*04-DRB1*0401	IAA;GADA;ZNT8A;ICA	346.75	NA	1	460	8.37782340862423	0.698151950718686	2.13752102336598	PRJNA231909.3101436	0	0.45404567067486	8.37782340862423
PRJNA231909.3107651	KosticAD_2015	E003989	stool	control	healthy	1	520	child	male	FIN	no	IlluminaHiSeq	Qiagen	25662751	22967694	2319737094	101	101	SRR1910621;SRR1916034;SRR1916032	Paolo_Manghi,Marisa_Metzger	315	vaginal	mixed_feeding	T1D_seroconverter	DQB1*0302/*04-DRB1*0401	IAA;GADA;ZNT8A;ICA	346.75	NA	1	520	10.3490759753593	0.862422997946612	2.46655964735719	PRJNA231909.3101436	0	0.440064023925621	10.3490759753593
PRJNA231909.3113065	KosticAD_2015	E003989	stool	control	healthy	1	650	child	male	FIN	no	IlluminaHiSeq	Qiagen	25662751	27041804	2731222204	101	101	SRR1910612;SRR1910707;SRR1910709	Paolo_Manghi,Marisa_Metzger	445	vaginal	mixed_feeding	T1D_seroconverter	DQB1*0302/*04-DRB1*0401	IAA;GADA;ZNT8A;ICA	346.75	NA	1	650	14.6201232032854	1.21834360027379	2.77571560035372	PRJNA231909.3101436	0	0.7721164034809	14.6201232032854
PRJNA231909.3113068	KosticAD_2015	E003989	stool	control	healthy	2	750	child	male	FIN	no	IlluminaHiSeq	Qiagen	25662751	25867740	2612641740	101	101	SRR1910653;SRR1910683;SRR1915645	Paolo_Manghi,Marisa_Metzger	545	vaginal	mixed_feeding	T1D_seroconverter	DQB1*0302/*04-DRB1*0401	IAA;GADA;ZNT8A;ICA	346.75	NA	2	750	17.9055441478439	1.492128678987	2.63099891199356	PRJNA231909.3101436	0	0.60573860347961	17.9055441478439
PRJNA231909.3113996	KosticAD_2015	E003989	stool	control	healthy	2	1020	child	male	FIN	no	IlluminaHiSeq	Qiagen	25662751	22515174	2274032574	101	101	SRR1916024;SRR1916593;SRR1918906	Paolo_Manghi,Marisa_Metzger	815	vaginal	mixed_feeding	T1D_seroconverter	DQB1*0302/*04-DRB1*0401	IAA;GADA;ZNT8A;ICA	346.75	NA	2	1020	26.776180698152	2.23134839151266	2.14796602514304	PRJNA231909.3101436	0	0.55133830389565	26.776180698152
PRJNA231909.3105829	KosticAD_2015	E006547	stool	control	healthy	1	375	child	male	FIN	no	IlluminaHiSeq	Qiagen	25662751	19131370	1932268370	101	101	SRR1980447;SRR1980466;SRR1980478;SRR1915941;SRR1915778	Paolo_Manghi,Marisa_Metzger	0	vaginal	mixed_feeding	T1D_nonconverter	DQB1*0302/*0501-DRB1*0404	NA	NA	NA	1	375	0	0	2.25231975428933	PRJNA231909.3105829	0	0	0
PRJNA231909.3108874	KosticAD_2015	E006547	stool	control	healthy	1	475	child	male	FIN	no	IlluminaHiSeq	Qiagen	25662751	19760006	1995760606	101	101	SRR1980437;SRR1980445;SRR1980468;SRR1915838;SRR1909540	Paolo_Manghi,Marisa_Metzger	100	vaginal	mixed_feeding	T1D_nonconverter	DQB1*0302/*0501-DRB1*0404	NA	NA	NA	1	475	3.28542094455852	0.27378507871321	2.43508997419445	PRJNA231909.3105829	0	0.594404195470265	3.28542094455852
PRJNA231909.3108875	KosticAD_2015	E006547	stool	control	healthy	1	560	child	male	FIN	no	IlluminaHiSeq	Qiagen	25662751	19627996	1982427596	101	101	SRR1980304;SRR1980307;SRR1980381;SRR1915813;SRR1909665	Paolo_Manghi,Marisa_Metzger	185	vaginal	mixed_feeding	T1D_nonconverter	DQB1*0302/*0501-DRB1*0404	NA	NA	NA	1	560	6.07802874743327	0.506502395619439	3.03199710473124	PRJNA231909.3105829	0	0.738602138734689	6.07802874743327
PRJNA231909.3113669	KosticAD_2015	E006547	stool	control	healthy	2	760	child	male	FIN	no	IlluminaHiSeq	Qiagen	25662751	16967172	1713684372	101	101	SRR1980459;SRR1980460;SRR1980480;SRR1916416;SRR1915868	Paolo_Manghi,Marisa_Metzger	385	vaginal	mixed_feeding	T1D_nonconverter	DQB1*0302/*0501-DRB1*0404	NA	NA	NA	2	760	12.6488706365503	1.05407255304586	2.88535803518191	PRJNA231909.3105829	0	0.523765329237393	12.6488706365503
PRJNA231909.3114784	KosticAD_2015	E006547	stool	control	healthy	2	1015	child	male	FIN	no	IlluminaHiSeq	Qiagen	25662751	17203908	1737594708	101	101	SRR1980442;SRR1980483;SRR1980495;SRR1916453;SRR1915913	Paolo_Manghi,Marisa_Metzger	640	vaginal	mixed_feeding	T1D_nonconverter	DQB1*0302/*0501-DRB1*0404	NA	NA	NA	2	1015	21.0266940451745	1.75222450376454	3.01935145050194	PRJNA231909.3105829	0	0.62627680250054	21.0266940451745
PRJNA231909.3107859	KosticAD_2015	E006574	stool	T1D	T1D	0	245	newborn	male	FIN	no	IlluminaHiSeq	Qiagen	25662751	18607424	1879349824	101	101	SRR1980336;SRR1980349;SRR1980403;SRR1915831;SRR1910178	Paolo_Manghi,Marisa_Metzger	0	vaginal	mixed_feeding	NA	DQB1*0302/*0*01-DRB1*0401	IAA;GADA;IA-2A;ZNT8A;ICA	532.9	339.55	0	245	0	0	2.2380930339459	PRJNA231909.3107859	0	0	0
PRJNA231909.3107861	KosticAD_2015	E006574	stool	T1D	T1D	1	370	child	male	FIN	no	IlluminaHiSeq	Qiagen	25662751	20131632	2033294832	101	101	SRR1980294;SRR1980308;SRR1980359;SRR1915904;SRR1915816	Paolo_Manghi,Marisa_Metzger	125	vaginal	mixed_feeding	NA	DQB1*0302/*0*01-DRB1*0401	IAA;GADA;IA-2A;ZNT8A;ICA	532.9	339.55	1	370	4.10677618069815	0.342231348391513	2.30118427293011	PRJNA231909.3107859	0	0.402926698369972	4.10677618069815
PRJNA231909.3107883	KosticAD_2015	E006574	stool	T1D	T1D	1	440	child	male	FIN	no	IlluminaHiSeq	Qiagen	25662751	21355400	2156895400	101	101	SRR1980387;SRR1980391;SRR1980406;SRR1915633;SRR1909385	Paolo_Manghi,Marisa_Metzger	195	vaginal	mixed_feeding	NA	DQB1*0302/*0*01-DRB1*0401	IAA;GADA;IA-2A;ZNT8A;ICA	532.9	339.55	1	440	6.40657084188912	0.53388090349076	2.60254971030158	PRJNA231909.3107859	0	0.456193008470322	6.40657084188912
PRJNA231909.3108096	KosticAD_2015	E006574	stool	T1D	T1D	1	520	child	male	FIN	no	IlluminaHiSeq	Qiagen	25662751	20001364	2020137764	101	101	SRR1980316;SRR1980358;SRR1980366;SRR1915929;SRR1915792	Paolo_Manghi,Marisa_Metzger	275	vaginal	mixed_feeding	NA	DQB1*0302/*0*01-DRB1*0401	IAA;GADA;IA-2A;ZNT8A;ICA	532.9	339.55	1	520	9.03490759753593	0.752908966461328	2.38638076556395	PRJNA231909.3107859	0	0.318178630971479	9.03490759753593
PRJNA231909.3108098	KosticAD_2015	E006574	stool	T1D	T1D	1	550	child	male	FIN	no	IlluminaHiSeq	Qiagen	25662751	20782482	2099030682	101	101	SRR1980297;SRR1980329;SRR1980344;SRR1915884;SRR1915772	Paolo_Manghi,Marisa_Metzger	305	vaginal	mixed_feeding	NA	DQB1*0302/*0*01-DRB1*0401	IAA;GADA;IA-2A;ZNT8A;ICA	532.9	339.55	1	550	10.0205338809035	0.835044490075291	2.59784665050241	PRJNA231909.3107859	0	0.374689161450787	10.0205338809035
PRJNA231909.3108100	KosticAD_2015	E006574	stool	T1D	T1D	1	620	child	male	FIN	no	IlluminaHiSeq	Qiagen	25662751	17839956	1801835556	101	101	SRR1980287;SRR1980313;SRR1980335;SRR1915674;SRR1909576	Paolo_Manghi,Marisa_Metzger	375	vaginal	mixed_feeding	NA	DQB1*0302/*0*01-DRB1*0401	IAA;GADA;IA-2A;ZNT8A;ICA	532.9	339.55	1	620	12.3203285420945	1.02669404517454	3.06437904301399	PRJNA231909.3107859	0	0.535824191157437	12.3203285420945
PRJNA231909.3108103	KosticAD_2015	E006574	stool	T1D	T1D	1	680	child	male	FIN	no	IlluminaHiSeq	Qiagen	25662751	17456750	1763131750	101	101	SRR1980299;SRR1980306;SRR1980367;SRR1915839;SRR1915664	Paolo_Manghi,Marisa_Metzger	435	vaginal	mixed_feeding	NA	DQB1*0302/*0*01-DRB1*0401	IAA;GADA;IA-2A;ZNT8A;ICA	532.9	339.55	1	680	14.2915811088296	1.19096509240246	2.65346677878395	PRJNA231909.3107859	0	0.82790750147595	14.2915811088296
PRJNA231909.3108105	KosticAD_2015	E006574	stool	T1D	T1D	2	790	child	male	FIN	no	IlluminaHiSeq	Qiagen	25662751	19237304	1942967704	101	101	SRR1980286;SRR1980355;SRR1980364;SRR1915873;SRR1915605	Paolo_Manghi,Marisa_Metzger	545	vaginal	mixed_feeding	NA	DQB1*0302/*0*01-DRB1*0401	IAA;GADA;IA-2A;ZNT8A;ICA	532.9	339.55	2	790	17.9055441478439	1.492128678987	2.69313355624217	PRJNA231909.3107859	0	0.402867346458646	17.9055441478439
PRJNA231909.3108107	KosticAD_2015	E006574	stool	T1D	T1D	2	830	child	male	FIN	no	IlluminaHiSeq	Qiagen	25662751	20026872	2022714072	101	101	SRR1980300;SRR1980314;SRR1980399;SRR1915588;SRR1909666	Paolo_Manghi,Marisa_Metzger	585	vaginal	mixed_feeding	NA	DQB1*0302/*0*01-DRB1*0401	IAA;GADA;IA-2A;ZNT8A;ICA	532.9	339.55	2	830	19.2197125256674	1.60164271047228	2.46491985817717	PRJNA231909.3107859	0	0.33135380059386	19.2197125256674
PRJNA231909.3108363	KosticAD_2015	E006574	stool	T1D	T1D	2	915	child	male	FIN	no	IlluminaHiSeq	Qiagen	25662751	18866044	1905470444	101	101	SRR1980295;SRR1980296;SRR1980361;SRR1915593;SRR1909496	Paolo_Manghi,Marisa_Metzger	670	vaginal	mixed_feeding	NA	DQB1*0302/*0*01-DRB1*0401	IAA;GADA;IA-2A;ZNT8A;ICA	532.9	339.55	2	915	22.0123203285421	1.83436002737851	2.20995641561778	PRJNA231909.3107859	0	0.418193606335348	22.0123203285421
PRJNA231909.3102732	KosticAD_2015	E006673	stool	control	healthy	0	230	newborn	female	FIN	no	IlluminaHiSeq	Qiagen	25662751	15962240	1612186240	101	101	SRR1980389;SRR1980292;SRR1980393;SRR1916443;SRR1915883	Paolo_Manghi,Marisa_Metzger	0	vaginal	mixed_feeding	T1D_nonconverter	DQA1*05/*03-DQB1*02/*0302-DRB1*0401	NA	NA	NA	0	230	0	0	2.63215483999079	PRJNA231909.3102732	0	0	0
PRJNA231909.3113933	KosticAD_2015	E006673	stool	control	healthy	0	335	newborn	female	FIN	no	IlluminaHiSeq	Qiagen	25662751	17461012	1763562212	101	101	SRR1980309;SRR1980317;SRR1980350;SRR1915951;SRR1915808	Paolo_Manghi,Marisa_Metzger	105	vaginal	mixed_feeding	T1D_nonconverter	DQA1*05/*03-DQB1*02/*0302-DRB1*0401	NA	NA	NA	0	335	3.44969199178645	0.287474332648871	2.96853135320383	PRJNA231909.3102732	0	0.671945304216137	3.44969199178645
PRJNA231909.3113936	KosticAD_2015	E006673	stool	control	healthy	1	430	child	female	FIN	no	IlluminaHiSeq	Qiagen	25662751	18579440	1876523440	101	101	SRR1980310;SRR1980362;SRR1980392;SRR1916401;SRR1909367	Paolo_Manghi,Marisa_Metzger	200	vaginal	mixed_feeding	T1D_nonconverter	DQA1*05/*03-DQB1*02/*0302-DRB1*0401	NA	NA	NA	1	430	6.57084188911704	0.54757015742642	3.21222907396081	PRJNA231909.3102732	0	0.750323999338135	6.57084188911704
PRJNA231909.3114810	KosticAD_2015	E006673	stool	control	healthy	1	520	child	female	FIN	no	IlluminaHiSeq	Qiagen	25662751	18121306	1830251906	101	101	SRR1980298;SRR1980343;SRR1980402;SRR1915819;SRR1909212	Paolo_Manghi,Marisa_Metzger	290	vaginal	mixed_feeding	T1D_nonconverter	DQA1*05/*03-DQB1*02/*0302-DRB1*0401	NA	NA	NA	1	520	9.52772073921971	0.793976728268309	3.25646707275665	PRJNA231909.3102732	0	0.719348281057678	9.52772073921971
PRJNA231909.3107373	KosticAD_2015	E010590	stool	control	healthy	0	240	newborn	male	FIN	no	IlluminaHiSeq	Qiagen	25662751	19103644	1929468044	101	101	SRR1980305;SRR1980322;SRR1980383;SRR1916444;SRR1910186	Paolo_Manghi,Marisa_Metzger	0	vaginal	mixed_feeding	T1D_nonconverter	DQB1*0302/*04-DRB1*0401	NA	NA	NA	0	240	0	0	2.10531453548862	PRJNA231909.3107373	0	0	0
PRJNA231909.3107376	KosticAD_2015	E010590	stool	control	healthy	0	325	newborn	male	FIN	no	IlluminaHiSeq	Qiagen	25662751	19544036	1973947636	101	101	SRR1980353;SRR1980363;SRR1980380;SRR1915880;SRR1915685	Paolo_Manghi,Marisa_Metzger	85	vaginal	mixed_feeding	T1D_nonconverter	DQB1*0302/*04-DRB1*0401	NA	NA	NA	0	325	2.79260780287474	0.232717316906229	2.05270364250501	PRJNA231909.3107373	0	0.266564863611731	2.79260780287474
PRJNA231909.3108601	KosticAD_2015	E010590	stool	control	healthy	1	420	child	male	FIN	no	IlluminaHiSeq	Qiagen	25662751	19692478	1988940278	101	101	SRR1980293;SRR1980315;SRR1980321;SRR1915693;SRR1909394	Paolo_Manghi,Marisa_Metzger	180	vaginal	mixed_feeding	T1D_nonconverter	DQB1*0302/*04-DRB1*0401	NA	NA	NA	1	420	5.91375770020534	0.492813141683778	2.95184856985975	PRJNA231909.3107373	0	0.6375997208412	5.91375770020534
PRJNA231909.3112363	KosticAD_2015	E010590	stool	control	healthy	1	510	child	male	FIN	no	IlluminaHiSeq	Qiagen	25662751	25243086	2549551686	101	101	SRR1980302;SRR1980303;SRR1980394;SRR1915939;SRR1915825	Paolo_Manghi,Marisa_Metzger	270	vaginal	mixed_feeding	T1D_nonconverter	DQB1*0302/*04-DRB1*0401	NA	NA	NA	1	510	8.87063655030801	0.739219712525667	3.26880049708752	PRJNA231909.3107373	0	0.70408511781272	8.87063655030801
PRJNA231909.3112365	KosticAD_2015	E010590	stool	control	healthy	1	545	child	male	FIN	no	IlluminaHiSeq	Qiagen	25662751	16982236	1715205836	101	101	SRR1980397;SRR1980407;SRR1980408;SRR1915785;SRR1909546	Paolo_Manghi,Marisa_Metzger	305	vaginal	mixed_feeding	T1D_nonconverter	DQB1*0302/*04-DRB1*0401	NA	NA	NA	1	545	10.0205338809035	0.835044490075291	2.69860041563498	PRJNA231909.3107373	0	0.55273560633014	10.0205338809035
PRJNA231909.3112367	KosticAD_2015	E010590	stool	control	healthy	1	675	child	male	FIN	no	IlluminaHiSeq	Qiagen	25662751	14016486	1415665086	101	101	SRR1980311;SRR1980334;SRR1980405;SRR1915907;SRR1915586	Paolo_Manghi,Marisa_Metzger	435	vaginal	mixed_feeding	T1D_nonconverter	DQB1*0302/*04-DRB1*0401	NA	NA	NA	1	675	14.2915811088296	1.19096509240246	2.60135231916755	PRJNA231909.3107373	0	0.615789444471393	14.2915811088296
PRJNA231909.3113765	KosticAD_2015	E010590	stool	control	healthy	2	730	child	male	FIN	no	IlluminaHiSeq	Qiagen	25662751	18224640	1840688640	101	101	SRR1980289;SRR1980360;SRR1980373;SRR1915841;SRR1915610	Paolo_Manghi,Marisa_Metzger	490	vaginal	mixed_feeding	T1D_nonconverter	DQB1*0302/*04-DRB1*0401	NA	NA	NA	2	730	16.0985626283368	1.34154688569473	2.41308153125312	PRJNA231909.3107373	0	0.518853234500529	16.0985626283368
PRJNA231909.3113767	KosticAD_2015	E010590	stool	control	healthy	2	820	child	male	FIN	no	IlluminaHiSeq	Qiagen	25662751	20376670	2058043670	101	101	SRR1980333;SRR1980341;SRR1980368;SRR1915945;SRR1915753	Paolo_Manghi,Marisa_Metzger	580	vaginal	mixed_feeding	T1D_nonconverter	DQB1*0302/*04-DRB1*0401	NA	NA	NA	2	820	19.0554414784394	1.58795345653662	3.19005755685309	PRJNA231909.3107373	0	0.634537512641199	19.0554414784394
PRJNA231909.3115315	KosticAD_2015	E010590	stool	control	healthy	2	900	child	male	FIN	no	IlluminaHiSeq	Qiagen	25662751	16948662	1711814862	101	101	SRR1980345;SRR1980352;SRR1980371;SRR1915869;SRR1915679	Paolo_Manghi,Marisa_Metzger	660	vaginal	mixed_feeding	T1D_nonconverter	DQB1*0302/*04-DRB1*0401	NA	NA	NA	2	900	21.6837782340862	1.80698151950719	2.86267187353731	PRJNA231909.3107373	0	0.643755895216998	21.6837782340862
PRJNA231909.3102986	KosticAD_2015	E010629	stool	control	healthy	0	165	newborn	male	FIN	no	IlluminaHiSeq	Qiagen	25662751	26257556	2652013156	101	101	SRR1910634;SRR1910665;SRR1915824	Paolo_Manghi,Marisa_Metzger	0	vaginal	mixed_feeding	T1D_seroconverter	DQB1*0302/*0501-DRB1*0401	IAA;GADA;ZNT8A;ICA	945.35	NA	0	165	0	0	1.47073491580253	PRJNA231909.3102986	0	0	0
PRJNA231909.3107336	KosticAD_2015	E010629	stool	control	healthy	1	380	child	male	FIN	no	IlluminaHiSeq	Qiagen	25662751	21965668	2218532468	101	101	SRR1915997;SRR1916592;SRR1916822	Paolo_Manghi,Marisa_Metzger	215	vaginal	mixed_feeding	T1D_seroconverter	DQB1*0302/*0501-DRB1*0401	IAA;GADA;ZNT8A;ICA	945.35	NA	1	380	7.06365503080082	0.588637919233402	2.74244236697564	PRJNA231909.3102986	0	0.731438813571623	7.06365503080082
PRJNA231909.3115087	KosticAD_2015	E010629	stool	control	healthy	2	1080	child	male	FIN	no	IlluminaHiSeq	Qiagen	25662751	22725862	2295312062	101	101	SRR1915989;SRR1918908;SRR1918832	Paolo_Manghi,Marisa_Metzger	915	vaginal	mixed_feeding	T1D_seroconverter	DQB1*0302/*0501-DRB1*0401	IAA;GADA;ZNT8A;ICA	945.35	NA	2	1080	30.0616016427105	2.50513347022587	2.65745102158573	PRJNA231909.3102986	0	0.975585529985217	30.0616016427105
PRJNA231909.3107345	KosticAD_2015	E010937	stool	T1D	T1D	0	245	newborn	female	FIN	no	IlluminaHiSeq	Qiagen	25662751	19108958	1930004758	101	101	SRR1980320;SRR1980323;SRR1980339;SRR1916450;SRR1909383	Paolo_Manghi,Marisa_Metzger	0	vaginal	exclusively_breastfeeding	NA	DQA1*05/*03-DQB1*02/*0302-DRB1*0401	IAA;IA-2A;ZNT8A;ICA	905.2	959.95	0	245	0	0	0.913496500978222	PRJNA231909.3107345	0	0	0
PRJNA231909.3112358	KosticAD_2015	E010937	stool	T1D	T1D	1	380	child	female	FIN	no	IlluminaHiSeq	Qiagen	25662751	21790516	2200842116	101	101	SRR1980291;SRR1980376;SRR1980401;SRR1915910;SRR1915655	Paolo_Manghi,Marisa_Metzger	135	vaginal	exclusively_breastfeeding	NA	DQA1*05/*03-DQB1*02/*0302-DRB1*0401	IAA;IA-2A;ZNT8A;ICA	905.2	959.95	1	380	4.435318275154	0.369609856262834	2.36951942815625	PRJNA231909.3107345	0	0.835405284232358	4.435318275154
PRJNA231909.3112359	KosticAD_2015	E010937	stool	T1D	T1D	1	505	child	female	FIN	no	IlluminaHiSeq	Qiagen	25662751	17280866	1745367466	101	101	SRR1980357;SRR1980369;SRR1980390;SRR1915934;SRR1915601	Paolo_Manghi,Marisa_Metzger	260	vaginal	exclusively_breastfeeding	NA	DQA1*05/*03-DQB1*02/*0302-DRB1*0401	IAA;IA-2A;ZNT8A;ICA	905.2	959.95	1	505	8.54209445585216	0.711841204654346	2.26718293599287	PRJNA231909.3107345	0	0.763193254457691	8.54209445585216
PRJNA231909.3112360	KosticAD_2015	E010937	stool	T1D	T1D	1	625	child	female	FIN	no	IlluminaHiSeq	Qiagen	25662751	18403130	1858716130	101	101	SRR1980342;SRR1980356;SRR1980375;SRR1915937;SRR1915639	Paolo_Manghi,Marisa_Metzger	380	vaginal	exclusively_breastfeeding	NA	DQA1*05/*03-DQB1*02/*0302-DRB1*0401	IAA;IA-2A;ZNT8A;ICA	905.2	959.95	1	625	12.4845995893224	1.0403832991102	2.50651426549192	PRJNA231909.3107345	0	0.938474	12.4845995893224
PRJNA231909.3113831	KosticAD_2015	E010937	stool	T1D	T1D	1	655	child	female	FIN	no	IlluminaHiSeq	Qiagen	25662751	14521438	1466665238	101	101	SRR1980312;SRR1980325;SRR1980338;SRR1915622;SRR1910188	Paolo_Manghi,Marisa_Metzger	410	vaginal	exclusively_breastfeeding	NA	DQA1*05/*03-DQB1*02/*0302-DRB1*0401	IAA;IA-2A;ZNT8A;ICA	905.2	959.95	1	655	13.4702258726899	1.12251882272416	2.16912856291418	PRJNA231909.3107345	0	0.553730868746091	13.4702258726899
PRJNA231909.3113834	KosticAD_2015	E010937	stool	T1D	T1D	1	690	child	female	FIN	no	IlluminaHiSeq	Qiagen	25662751	16290706	1645361306	101	101	SRR1980225;SRR1980236;SRR1980237;SRR1916405;SRR1909635	Paolo_Manghi,Marisa_Metzger	445	vaginal	exclusively_breastfeeding	NA	DQA1*05/*03-DQB1*02/*0302-DRB1*0401	IAA;IA-2A;ZNT8A;ICA	905.2	959.95	1	690	14.6201232032854	1.21834360027379	2.15280777271451	PRJNA231909.3107345	0	0.6655821	14.6201232032854
PRJNA231909.3115067	KosticAD_2015	E010937	stool	T1D	T1D	2	955	child	female	FIN	no	IlluminaHiSeq	Qiagen	25662751	32425092	3274934292	101	101	SRR1980150;SRR1980153;SRR1980159;SRR1916425;SRR1909354	Paolo_Manghi,Marisa_Metzger	710	vaginal	exclusively_breastfeeding	NA	DQA1*05/*03-DQB1*02/*0302-DRB1*0401	IAA;IA-2A;ZNT8A;ICA	905.2	959.95	2	955	23.3264887063655	1.94387405886379	2.0979576726361	PRJNA231909.3107345	0	0.777045055941131	23.3264887063655
PRJNA231909.3115068	KosticAD_2015	E010937	stool	T1D	T1D	2	970	child	female	FIN	no	IlluminaHiSeq	Qiagen	25662751	17381146	1755495746	101	101	SRR1980144;SRR1980155;SRR1980156;SRR1915630;SRR1910238	Paolo_Manghi,Marisa_Metzger	725	vaginal	exclusively_breastfeeding	NA	DQA1*05/*03-DQB1*02/*0302-DRB1*0401	IAA;IA-2A;ZNT8A;ICA	905.2	959.95	2	970	23.8193018480493	1.98494182067077	2.27569791419632	PRJNA231909.3107345	0	0.8923668	23.8193018480493
PRJNA231909.3115070	KosticAD_2015	E010937	stool	T1D	T1D	2	1020	child	female	FIN	no	IlluminaHiSeq	Qiagen	25662751	15087974	1523885374	101	101	SRR1980161;SRR1980228;SRR1980232;SRR1915837;SRR1909509	Paolo_Manghi,Marisa_Metzger	775	vaginal	exclusively_breastfeeding	NA	DQA1*05/*03-DQB1*02/*0302-DRB1*0401	IAA;IA-2A;ZNT8A;ICA	905.2	959.95	2	1020	25.4620123203285	2.12183436002738	2.41969145689599	PRJNA231909.3107345	0	0.911863417092017	25.4620123203285
PRJNA231909.3105875	KosticAD_2015	E016924	stool	control	healthy	0	145	newborn	female	FIN	no	IlluminaHiSeq	Qiagen	25662751	26454322	2671886522	101	101	SRR1916016;SRR1918917;SRR1916820	Paolo_Manghi,Marisa_Metzger	0	vaginal	mixed_feeding	T1D_nonconverter	DQA1*05-DQB1*02/*04	NA	NA	NA	0	145	0	0	2.23993020037982	PRJNA231909.3105875	0	0	0
PRJNA231909.3107978	KosticAD_2015	E016924	stool	control	healthy	0	270	newborn	female	FIN	no	IlluminaHiSeq	Qiagen	25662751	44849370	4529786370	101	101	SRR1980456;SRR1980465;SRR1980474;SRR1916433;SRR1915626;SRR1916028;SRR1916043;SRR1909693	Paolo_Manghi,Marisa_Metzger	125	vaginal	mixed_feeding	T1D_nonconverter	DQA1*05-DQB1*02/*04	NA	NA	NA	0	270	4.10677618069815	0.342231348391513	2.65284215695233	PRJNA231909.3105875	0	0.922814849586921	4.10677618069815
PRJNA231909.3109940	KosticAD_2015	E016924	stool	control	healthy	1	510	child	female	FIN	no	IlluminaHiSeq	Qiagen	25662751	41450012	4186451212	101	101	SRR1980451;SRR1980461;SRR1980491;SRR1916025;SRR1916843;SRR1918918;SRR1915779;SRR1909515	Paolo_Manghi,Marisa_Metzger	365	vaginal	mixed_feeding	T1D_nonconverter	DQA1*05-DQB1*02/*04	NA	NA	NA	1	510	11.9917864476386	0.999315537303217	2.93536735081988	PRJNA231909.3105875	0	0.860293066284965	11.9917864476386
PRJNA231909.3109945	KosticAD_2015	E016924	stool	control	healthy	2	760	child	female	FIN	no	IlluminaHiSeq	Qiagen	25662751	38817112	3920528312	101	101	SRR1980432;SRR1980471;SRR1980492;SRR1915678;SRR1915663;SRR1916023;SRR1916049;SRR1909597	Paolo_Manghi,Marisa_Metzger	615	vaginal	mixed_feeding	T1D_nonconverter	DQA1*05-DQB1*02/*04	NA	NA	NA	2	760	20.2053388090349	1.68377823408624	3.19422701226484	PRJNA231909.3105875	0	0.851515149269458	20.2053388090349
PRJNA231909.3109952	KosticAD_2015	E016924	stool	control	healthy	2	890	child	female	FIN	no	IlluminaHiSeq	Qiagen	25662751	23424106	2365834706	101	101	SRR1910668;SRR1910692;SRR1916045	Paolo_Manghi,Marisa_Metzger	745	vaginal	mixed_feeding	T1D_nonconverter	DQA1*05-DQB1*02/*04	NA	NA	NA	2	890	24.476386036961	2.03969883641342	3.23405829859219	PRJNA231909.3105875	0	0.86271975040394	24.476386036961
PRJNA231909.3114865	KosticAD_2015	E016924	stool	control	healthy	3	1125	child	female	FIN	no	IlluminaHiSeq	Qiagen	25662751	52566746	5309241346	101	101	SRR1980428;SRR1980438;SRR1980441;SRR1916417;SRR1918923;SRR1918833;SRR1915998;SRR1909676	Paolo_Manghi,Marisa_Metzger	980	vaginal	mixed_feeding	T1D_nonconverter	DQA1*05-DQB1*02/*04	NA	NA	NA	3	1125	32.1971252566735	2.68309377138946	2.85852541705824	PRJNA231909.3105875	0	0.837650563160455	32.1971252566735
PRJNA231909.3111969	KosticAD_2015	E017751	stool	control	healthy	0	175	newborn	female	FIN	no	IlluminaHiSeq	Qiagen	25662751	23071760	2330247760	101	101	SRR1916033;SRR1916817;SRR1918920	Paolo_Manghi,Marisa_Metzger	0	vaginal	mixed_feeding	T1D_seroconverter	DQA1*05-DQB1*02/*0604	IAA;ICA	175.2	NA	0	175	0	0	2.56426348152861	PRJNA231909.3111969	0	0	0
PRJNA231909.3111970	KosticAD_2015	E017751	stool	control	healthy	0	310	newborn	female	FIN	no	IlluminaHiSeq	Qiagen	25662751	23656460	2389302460	101	101	SRR1910591;SRR1915870;SRR1915878	Paolo_Manghi,Marisa_Metzger	135	vaginal	mixed_feeding	T1D_seroconverter	DQA1*05-DQB1*02/*0604	IAA;ICA	175.2	NA	0	310	4.435318275154	0.369609856262834	2.8924382613044	PRJNA231909.3111969	0	0.339974638983799	4.435318275154
PRJNA231909.3112924	KosticAD_2015	E017751	stool	control	healthy	1	500	child	female	FIN	no	IlluminaHiSeq	Qiagen	25662751	21184592	2139643792	101	101	SRR1918822;SRR1918827;SRR1915986	Paolo_Manghi,Marisa_Metzger	325	vaginal	mixed_feeding	T1D_seroconverter	DQA1*05-DQB1*02/*0604	IAA;ICA	175.2	NA	1	500	10.6776180698152	0.889801505817933	2.86027986666034	PRJNA231909.3111969	0	0.214913705753567	10.6776180698152
PRJNA231909.3112925	KosticAD_2015	E017751	stool	control	healthy	1	685	child	female	FIN	no	IlluminaHiSeq	Qiagen	25662751	24685018	2493186818	101	101	SRR1915879;SRR1910619;SRR1910618	Paolo_Manghi,Marisa_Metzger	510	vaginal	mixed_feeding	T1D_seroconverter	DQA1*05-DQB1*02/*0604	IAA;ICA	175.2	NA	1	685	16.7556468172485	1.39630390143737	3.03502480454054	PRJNA231909.3111969	0	0.205125742224918	16.7556468172485
PRJNA231909.3113339	KosticAD_2015	E017751	stool	control	healthy	1	720	child	female	FIN	no	IlluminaHiSeq	Qiagen	25662751	24404444	2464848844	101	101	SRR1915993;SRR1916819;SRR1918924	Paolo_Manghi,Marisa_Metzger	545	vaginal	mixed_feeding	T1D_seroconverter	DQA1*05-DQB1*02/*0604	IAA;ICA	175.2	NA	1	720	17.9055441478439	1.492128678987	2.77092463431965	PRJNA231909.3111969	0	0.190774369004601	17.9055441478439
PRJNA231909.3113393	KosticAD_2015	E017751	stool	control	healthy	2	780	child	female	FIN	no	IlluminaHiSeq	Qiagen	25662751	23414760	2364890760	101	101	SRR1916000;SRR1916844;SRR1918909	Paolo_Manghi,Marisa_Metzger	605	vaginal	mixed_feeding	T1D_seroconverter	DQA1*05-DQB1*02/*0604	IAA;ICA	175.2	NA	2	780	19.8767967145791	1.65639972621492	2.11167424188972	PRJNA231909.3111969	0	0.696209200720718	19.8767967145791
PRJNA231909.3115615	KosticAD_2015	E017751	stool	control	healthy	2	1000	child	female	FIN	no	IlluminaHiSeq	Qiagen	25662751	26697032	2696400232	101	101	SRR1910580;SRR1910622;SRR1916039	Paolo_Manghi,Marisa_Metzger	825	vaginal	mixed_feeding	T1D_seroconverter	DQA1*05-DQB1*02/*0604	IAA;ICA	175.2	NA	2	1000	27.1047227926078	2.25872689938398	3.0401602904301	PRJNA231909.3111969	0	0.320721515367423	27.1047227926078
PRJNA231909.3108485	KosticAD_2015	E018113	stool	control	healthy	0	330	newborn	female	FIN	no	IlluminaHiSeq	Qiagen	25662751	27009412	2727950612	101	101	SRR1918914;SRR1918925;SRR1916007	Paolo_Manghi,Marisa_Metzger	0	vaginal	mixed_feeding	T1D_seroconverter	DQB1*0302/*04-DRB1*0401	IAA;GADA;IA-2A;ZNT8A;ICA	587.65	NA	0	330	0	0	1.66458327719228	PRJNA231909.3108485	0	0	0
PRJNA231909.3108488	KosticAD_2015	E018113	stool	control	healthy	1	440	child	female	FIN	no	IlluminaHiSeq	Qiagen	25662751	85788266	8664614866	101	101	SRR1916017;SRR1916764;SRR1916818	Paolo_Manghi,Marisa_Metzger	110	vaginal	mixed_feeding	T1D_seroconverter	DQB1*0302/*04-DRB1*0401	IAA;GADA;IA-2A;ZNT8A;ICA	587.65	NA	1	440	3.61396303901437	0.301163586584531	2.41007435584325	PRJNA231909.3108485	0	0.808176719771058	3.61396303901437
PRJNA231909.3108490	KosticAD_2015	E018113	stool	control	healthy	1	570	child	female	FIN	no	IlluminaHiSeq	Qiagen	25662751	23061970	2329258970	101	101	SRR1916018;SRR1918915;SRR1918919	Paolo_Manghi,Marisa_Metzger	240	vaginal	mixed_feeding	T1D_seroconverter	DQB1*0302/*04-DRB1*0401	IAA;GADA;IA-2A;ZNT8A;ICA	587.65	NA	1	570	7.88501026694045	0.657084188911704	2.30609281045856	PRJNA231909.3108485	0	0.683763634915485	7.88501026694045
PRJNA231909.3109997	KosticAD_2015	E018113	stool	control	healthy	1	600	child	female	FIN	no	IlluminaHiSeq	Qiagen	25662751	23748190	2398567190	101	101	SRR1916014;SRR1918913;SRR1918922	Paolo_Manghi,Marisa_Metzger	270	vaginal	mixed_feeding	T1D_seroconverter	DQB1*0302/*04-DRB1*0401	IAA;GADA;IA-2A;ZNT8A;ICA	587.65	NA	1	600	8.87063655030801	0.739219712525667	2.48134482437788	PRJNA231909.3108485	0	0.906998146515629	8.87063655030801
PRJNA231909.3110006	KosticAD_2015	E018113	stool	control	healthy	1	630	child	female	FIN	no	IlluminaHiSeq	Qiagen	25662751	23259930	2349252930	101	101	SRR1918927;SRR1918830;SRR1916001	Paolo_Manghi,Marisa_Metzger	300	vaginal	mixed_feeding	T1D_seroconverter	DQB1*0302/*04-DRB1*0401	IAA;GADA;IA-2A;ZNT8A;ICA	587.65	NA	1	630	9.85626283367557	0.82135523613963	2.49349197267656	PRJNA231909.3108485	0	0.91764173218148	9.85626283367557
PRJNA231909.3112121	KosticAD_2015	E018113	stool	control	healthy	1	725	child	female	FIN	no	IlluminaHiSeq	Qiagen	25662751	25422856	2567708456	101	101	SRR1910832;SRR1910853;SRR1913123	Paolo_Manghi,Marisa_Metzger	395	vaginal	mixed_feeding	T1D_seroconverter	DQB1*0302/*04-DRB1*0401	IAA;GADA;IA-2A;ZNT8A;ICA	587.65	NA	1	725	12.9774127310062	1.08145106091718	2.92462481334272	PRJNA231909.3108485	0	0.861702569729574	12.9774127310062
PRJNA231909.3112122	KosticAD_2015	E018113	stool	control	healthy	2	750	child	female	FIN	no	IlluminaHiSeq	Qiagen	25662751	21934966	2215431566	101	101	SRR1918905;SRR1916009;SRR1918911	Paolo_Manghi,Marisa_Metzger	420	vaginal	mixed_feeding	T1D_seroconverter	DQB1*0302/*04-DRB1*0401	IAA;GADA;IA-2A;ZNT8A;ICA	587.65	NA	2	750	13.7987679671458	1.14989733059548	2.94071927792073	PRJNA231909.3108485	0	0.881915045261066	13.7987679671458
PRJNA231909.3113663	KosticAD_2015	E018113	stool	control	healthy	2	820	child	female	FIN	no	IlluminaHiSeq	Qiagen	25662751	23328528	2356181328	101	101	SRR1910864;SRR1913044;SRR1913067	Paolo_Manghi,Marisa_Metzger	490	vaginal	mixed_feeding	T1D_seroconverter	DQB1*0302/*04-DRB1*0401	IAA;GADA;IA-2A;ZNT8A;ICA	587.65	NA	2	820	16.0985626283368	1.34154688569473	2.40395037716898	PRJNA231909.3108485	0	0.902885140608215	16.0985626283368
PRJNA231909.3108437	KosticAD_2015	E018268	stool	control	healthy	0	350	newborn	female	FIN	no	IlluminaHiSeq	Qiagen	25662751	18663910	1885054910	101	101	SRR1980238;SRR1980230;SRR1980249;SRR1915788;SRR1909305	Paolo_Manghi,Marisa_Metzger	0	vaginal	mixed_feeding	T1D_nonconverter	DQB1*0302/*0604-DRB1*0404	NA	NA	NA	0	350	0	0	2.94770092162053	PRJNA231909.3108437	0	0	0
PRJNA231909.3108440	KosticAD_2015	E018268	stool	control	healthy	1	500	child	female	FIN	no	IlluminaHiSeq	Qiagen	25662751	19140386	1933178986	101	101	SRR1980434;SRR1980455;SRR1980469;SRR1915899;SRR1915617	Paolo_Manghi,Marisa_Metzger	150	vaginal	mixed_feeding	T1D_nonconverter	DQB1*0302/*0604-DRB1*0404	NA	NA	NA	1	500	4.92813141683778	0.410677618069815	2.48954547039149	PRJNA231909.3108437	0	0.457410160112341	4.92813141683778
PRJNA231909.3113604	KosticAD_2015	E018268	stool	control	healthy	1	650	child	female	FIN	no	IlluminaHiSeq	Qiagen	25662751	17742650	1792007650	101	101	SRR1980328;SRR1980330;SRR1980351;SRR1915636;SRR1909569	Paolo_Manghi,Marisa_Metzger	300	vaginal	mixed_feeding	T1D_nonconverter	DQB1*0302/*0604-DRB1*0404	NA	NA	NA	1	650	9.85626283367557	0.82135523613963	2.46578696549048	PRJNA231909.3108437	0	0.7677357336451	9.85626283367557
PRJNA231909.3114755	KosticAD_2015	E018268	stool	control	healthy	2	750	child	female	FIN	no	IlluminaHiSeq	Qiagen	25662751	20265646	2046830246	101	101	SRR1980450;SRR1980462;SRR1980454;SRR1915657;SRR1909448	Paolo_Manghi,Marisa_Metzger	400	vaginal	mixed_feeding	T1D_nonconverter	DQB1*0302/*0604-DRB1*0404	NA	NA	NA	2	750	13.1416837782341	1.09514031485284	2.88272713262543	PRJNA231909.3108437	0	0.464192696902442	13.1416837782341
PRJNA231909.3115643	KosticAD_2015	E018268	stool	control	healthy	2	890	child	female	FIN	no	IlluminaHiSeq	Qiagen	25662751	19960336	2015993936	101	101	SRR1980430;SRR1980464;SRR1980470;SRR1915881;SRR1915665	Paolo_Manghi,Marisa_Metzger	540	vaginal	mixed_feeding	T1D_nonconverter	DQB1*0302/*0604-DRB1*0404	NA	NA	NA	2	890	17.741273100616	1.47843942505133	2.57448719678539	PRJNA231909.3108437	0	0.659257330065359	17.741273100616
PRJNA231909.3115644	KosticAD_2015	E018268	stool	control	healthy	2	1030	child	female	FIN	no	IlluminaHiSeq	Qiagen	25662751	18789098	1897698898	101	101	SRR1980160;SRR1980235;SRR1980152;SRR1915620;SRR1909481	Paolo_Manghi,Marisa_Metzger	680	vaginal	mixed_feeding	T1D_nonconverter	DQB1*0302/*0604-DRB1*0404	NA	NA	NA	2	1030	22.3408624229979	1.86173853524983	2.54018356969673	PRJNA231909.3108437	0	0.478929159050192	22.3408624229979
PRJNA231909.3115646	KosticAD_2015	E018268	stool	control	healthy	3	1230	child	female	FIN	no	IlluminaHiSeq	Qiagen	25662751	14857864	1500644264	101	101	SRR1980479;SRR1980487;SRR1980502;SRR1916398;SRR1909379	Paolo_Manghi,Marisa_Metzger	880	vaginal	mixed_feeding	T1D_nonconverter	DQB1*0302/*0604-DRB1*0404	NA	NA	NA	3	1230	28.911704312115	2.40930869267625	3.10805332212532	PRJNA231909.3108437	0	0.60373639265977	28.911704312115
PRJNA231909.3110086	KosticAD_2015	E022137	stool	control	healthy	0	270	newborn	male	FIN	no	IlluminaHiSeq	Qiagen	25662751	26097964	2635894364	101	101	SRR1910643;SRR1916031;SRR1916060	Paolo_Manghi,Marisa_Metzger	0	vaginal	mixed_feeding	T1D_seroconverter	DQB1*0302/*0501-DRB1*0401	IAA;GADA;IA-2A;ZNT8A;ICA	562.1	NA	0	270	0	0	3.1743153522388	PRJNA231909.3110086	0	0	0
PRJNA231909.3110090	KosticAD_2015	E022137	stool	control	healthy	1	390	child	male	FIN	no	IlluminaHiSeq	Qiagen	25662751	20973010	2118274010	101	101	SRR1910570;SRR1910830;SRR1915817	Paolo_Manghi,Marisa_Metzger	120	vaginal	mixed_feeding	T1D_seroconverter	DQB1*0302/*0501-DRB1*0401	IAA;GADA;IA-2A;ZNT8A;ICA	562.1	NA	1	390	3.94250513347023	0.328542094455852	3.34236366816015	PRJNA231909.3110086	0	0.34359414976035	3.94250513347023
PRJNA231909.3112419	KosticAD_2015	E022137	stool	control	healthy	1	660	child	male	FIN	no	IlluminaHiSeq	Qiagen	25662751	27584152	2785999352	101	101	SRR1916005;SRR1918831;SRR1916008	Paolo_Manghi,Marisa_Metzger	390	vaginal	mixed_feeding	T1D_seroconverter	DQB1*0302/*0501-DRB1*0401	IAA;GADA;IA-2A;ZNT8A;ICA	562.1	NA	1	660	12.8131416837782	1.06776180698152	2.79983437716186	PRJNA231909.3110086	0	0.624167901673388	12.8131416837782
PRJNA231909.3113044	KosticAD_2015	E022137	stool	control	healthy	2	760	child	male	FIN	no	IlluminaHiSeq	Qiagen	25662751	25597390	2585336390	101	101	SRR1918825;SRR1918829;SRR1915995	Paolo_Manghi,Marisa_Metzger	490	vaginal	mixed_feeding	T1D_seroconverter	DQB1*0302/*0501-DRB1*0401	IAA;GADA;IA-2A;ZNT8A;ICA	562.1	NA	2	760	16.0985626283368	1.34154688569473	2.80062478849379	PRJNA231909.3110086	0	0.370851522957628	16.0985626283368
PRJNA231909.3114201	KosticAD_2015	E022137	stool	control	healthy	2	890	child	male	FIN	no	IlluminaHiSeq	Qiagen	25662751	25921316	2618052916	101	101	SRR1910596;SRR1916046;SRR1916061	Paolo_Manghi,Marisa_Metzger	620	vaginal	mixed_feeding	T1D_seroconverter	DQB1*0302/*0501-DRB1*0401	IAA;GADA;IA-2A;ZNT8A;ICA	562.1	NA	2	890	20.3696098562628	1.6974674880219	2.18192456447357	PRJNA231909.3110086	0	0.692434061334234	20.3696098562628
PRJNA231909.3110226	KosticAD_2015	E022852	stool	control	healthy	1	370	child	male	FIN	no	IlluminaHiSeq	Qiagen	25662751	16952562	1712208762	101	101	SRR1980227;SRR1980229;SRR1980151;SRR1916410;SRR1915867	Paolo_Manghi,Marisa_Metzger	0	c_section	mixed_feeding	T1D_nonconverter	DQB1*0302/*0501-DRB1*0404	NA	NA	NA	1	370	0	0	2.99380427731244	PRJNA231909.3110226	0	0	0
PRJNA231909.3112348	KosticAD_2015	E022852	stool	control	healthy	1	520	child	male	FIN	no	IlluminaHiSeq	Qiagen	25662751	17498060	1767304060	101	101	SRR1980476;SRR1980497;SRR1980475;SRR1915627;SRR1910216	Paolo_Manghi,Marisa_Metzger	150	c_section	mixed_feeding	T1D_nonconverter	DQB1*0302/*0501-DRB1*0404	NA	NA	NA	1	520	4.92813141683778	0.410677618069815	1.84311121670485	PRJNA231909.3110226	0	0.721396644558469	4.92813141683778
PRJNA231909.3113035	KosticAD_2015	E022852	stool	control	healthy	1	680	child	male	FIN	no	IlluminaHiSeq	Qiagen	25662751	15249426	1540192026	101	101	SRR1980473;SRR1980485;SRR1980504;SRR1916438;SRR1909679	Paolo_Manghi,Marisa_Metzger	310	c_section	mixed_feeding	T1D_nonconverter	DQB1*0302/*0501-DRB1*0404	NA	NA	NA	1	680	10.1848049281314	0.848733744010951	2.01039280683203	PRJNA231909.3110226	0	0.533174634125227	10.1848049281314
PRJNA231909.3114185	KosticAD_2015	E022852	stool	control	healthy	2	980	child	male	FIN	no	IlluminaHiSeq	Qiagen	25662751	19920606	2011981206	101	101	SRR1980477;SRR1980494;SRR1980498;SRR1915623;SRR1910209	Paolo_Manghi,Marisa_Metzger	610	c_section	mixed_feeding	T1D_nonconverter	DQB1*0302/*0501-DRB1*0404	NA	NA	NA	2	980	20.041067761807	1.67008898015058	2.16498108221043	PRJNA231909.3110226	0	0.629670156169345	20.041067761807
PRJNA231909.3108330	KosticAD_2015	E026079	stool	control	healthy	0	230	newborn	male	FIN	no	IlluminaHiSeq	Qiagen	25662751	21398318	2161230118	101	101	SRR1910609;SRR1910657;SRR1910831	Paolo_Manghi,Marisa_Metzger	0	vaginal	mixed_feeding	T1D_seroconverter	DQB1*0302/*04-DRB1*0401	IAA;GADA	580.35	NA	0	230	0	0	2.78316968022104	PRJNA231909.3108330	0	0	0
PRJNA231909.3108332	KosticAD_2015	E026079	stool	control	healthy	1	375	child	male	FIN	no	IlluminaHiSeq	Qiagen	25662751	24211790	2445390790	101	101	SRR1910631;SRR1910655;SRR1916029	Paolo_Manghi,Marisa_Metzger	145	vaginal	mixed_feeding	T1D_seroconverter	DQB1*0302/*04-DRB1*0401	IAA;GADA	580.35	NA	1	375	4.76386036960986	0.396988364134155	3.00103771858709	PRJNA231909.3108330	0	0.584430304676138	4.76386036960986
PRJNA231909.3114542	KosticAD_2015	E026079	stool	control	healthy	1	630	child	male	FIN	no	IlluminaHiSeq	Qiagen	25662751	51035582	5154593782	101	101	SRR1915992;SRR1916821;SRR1916823	Paolo_Manghi,Marisa_Metzger	400	vaginal	mixed_feeding	T1D_seroconverter	DQB1*0302/*04-DRB1*0401	IAA;GADA	580.35	NA	1	630	13.1416837782341	1.09514031485284	1.28787205226027	PRJNA231909.3108330	0	0.660174001482779	13.1416837782341
PRJNA231909.3114545	KosticAD_2015	E026079	stool	control	healthy	2	755	child	male	FIN	no	IlluminaHiSeq	Qiagen	25662751	27042654	2731308054	101	101	SRR1915996;SRR1918916;SRR1918828	Paolo_Manghi,Marisa_Metzger	525	vaginal	mixed_feeding	T1D_seroconverter	DQB1*0302/*04-DRB1*0401	IAA;GADA	580.35	NA	2	755	17.2484599589322	1.43737166324435	2.12527380145078	PRJNA231909.3108330	0	0.548618002665501	17.2484599589322
PRJNA231909.3104913	KosticAD_2015	T013815	stool	control	healthy	0	50	newborn	female	EST	no	IlluminaHiSeq	Qiagen	25662751	21729672	2194696872	101	101	SRR1910638;SRR1910615;SRR1916059	Paolo_Manghi,Marisa_Metzger	0	vaginal	exclusively_breastfeeding	T1D_seroconverter	DQA1*05/*0201-DQB1*02/*02	IAA;GADA	350.4	NA	0	50	0	0	0.756365627743709	PRJNA231909.3104913	0	0	0
PRJNA231909.3105378	KosticAD_2015	T013815	stool	control	healthy	0	190	newborn	female	EST	no	IlluminaHiSeq	Qiagen	25662751	22320632	2254383832	101	101	SRR1910697;SRR1910700;SRR1916050	Paolo_Manghi,Marisa_Metzger	140	vaginal	exclusively_breastfeeding	T1D_seroconverter	DQA1*05/*0201-DQB1*02/*02	IAA;GADA	350.4	NA	0	190	4.59958932238193	0.383299110198494	0.941553071520169	PRJNA231909.3104913	0	0.15370684152861	4.59958932238193
PRJNA231909.3105379	KosticAD_2015	T013815	stool	control	healthy	1	400	child	female	EST	no	IlluminaHiSeq	Qiagen	25662751	23681878	2391869678	101	101	SRR1916041;SRR1916411;SRR1910711	Paolo_Manghi,Marisa_Metzger	350	vaginal	exclusively_breastfeeding	T1D_seroconverter	DQA1*05/*0201-DQB1*02/*02	IAA;GADA	350.4	NA	1	400	11.4989733059548	0.958247775496235	1.62029161143846	PRJNA231909.3104913	0	0.990943145176702	11.4989733059548
PRJNA231909.3109753	KosticAD_2015	T013815	stool	control	healthy	1	480	child	female	EST	no	IlluminaHiSeq	Qiagen	25662751	28944908	2923435708	101	101	SRR1910678;SRR1916056;SRR1910595	Paolo_Manghi,Marisa_Metzger	430	vaginal	exclusively_breastfeeding	T1D_seroconverter	DQA1*05/*0201-DQB1*02/*02	IAA;GADA	350.4	NA	1	480	14.1273100616016	1.1772758384668	1.91735305898905	PRJNA231909.3104913	0	0.915043572437006	14.1273100616016
PRJNA231909.3109755	KosticAD_2015	T013815	stool	control	healthy	1	490	child	female	EST	no	IlluminaHiSeq	Qiagen	25662751	25779360	2603715360	101	101	SRR1910592;SRR1910703;SRR1916055	Paolo_Manghi,Marisa_Metzger	440	vaginal	exclusively_breastfeeding	T1D_seroconverter	DQA1*05/*0201-DQB1*02/*02	IAA;GADA	350.4	NA	1	490	14.4558521560575	1.20465434633812	2.30653217906962	PRJNA231909.3104913	0	0.842296272075575	14.4558521560575
PRJNA231909.3117378	KosticAD_2015	T013815	stool	control	healthy	1	640	child	female	EST	no	IlluminaHiSeq	Qiagen	25662751	23016064	2324622464	101	101	SRR1980724;SRR1980725;SRR1980726	Paolo_Manghi,Marisa_Metzger	590	vaginal	exclusively_breastfeeding	T1D_seroconverter	DQA1*05/*0201-DQB1*02/*02	IAA;GADA	350.4	NA	1	640	19.3839835728953	1.61533196440794	1.55222804131601	PRJNA231909.3104913	0	0.871460338985749	19.3839835728953
PRJNA231909.3117380	KosticAD_2015	T013815	stool	control	healthy	1	685	child	female	EST	no	IlluminaHiSeq	Qiagen	25662751	23933462	2417279662	101	101	SRR1910654;SRR1916042;SRR1916051	Paolo_Manghi,Marisa_Metzger	635	vaginal	exclusively_breastfeeding	T1D_seroconverter	DQA1*05/*0201-DQB1*02/*02	IAA;GADA	350.4	NA	1	685	20.8624229979466	1.73853524982888	2.90034886977719	PRJNA231909.3104913	0	0.95238855130053	20.8624229979466
PRJNA231909.3117383	KosticAD_2015	T013815	stool	control	healthy	2	730	child	female	EST	no	IlluminaHiSeq	Qiagen	25662751	27573204	2784893604	101	101	SRR1910605;SRR1910694;SRR1916048	Paolo_Manghi,Marisa_Metzger	680	vaginal	exclusively_breastfeeding	T1D_seroconverter	DQA1*05/*0201-DQB1*02/*02	IAA;GADA	350.4	NA	2	730	22.3408624229979	1.86173853524983	2.68864388046149	PRJNA231909.3104913	0	0.89874484906714	22.3408624229979
PRJNA231909.3103734	KosticAD_2015	T014292	stool	control	healthy	0	250	newborn	female	EST	no	IlluminaHiSeq	Qiagen	25662751	16616414	1678257814	101	101	SRR1980163;SRR1980234;SRR1980247;SRR1915675;SRR1909387	Paolo_Manghi,Marisa_Metzger	0	vaginal	exclusively_breastfeeding	T1D_nonconverter	DQA1*05/*03-DQB1*02/*0301	NA	NA	NA	0	250	0	0	2.12139066831313	PRJNA231909.3103734	0	0	0
PRJNA231909.3103736	KosticAD_2015	T014292	stool	control	healthy	0	312	newborn	female	EST	no	IlluminaHiSeq	Qiagen	25662751	18249490	1843198490	101	101	SRR1980484;SRR1980503;SRR1980458;SRR1915827;SRR1909412	Paolo_Manghi,Marisa_Metzger	62	vaginal	exclusively_breastfeeding	T1D_nonconverter	DQA1*05/*03-DQB1*02/*0301	NA	NA	NA	0	312	2.03696098562628	0.16974674880219	1.90812130248202	PRJNA231909.3103734	0	0.314107457008786	2.03696098562628
PRJNA231909.3116468	KosticAD_2015	T014292	stool	control	healthy	1	460	child	female	EST	no	IlluminaHiSeq	Qiagen	25662751	17242518	1741494318	101	101	SRR1980149;SRR1980154;SRR1980233;SRR1915651;SRR1909358	Paolo_Manghi,Marisa_Metzger	210	vaginal	exclusively_breastfeeding	T1D_nonconverter	DQA1*05/*03-DQB1*02/*0301	NA	NA	NA	1	460	6.8993839835729	0.574948665297741	2.93553278333165	PRJNA231909.3103734	0	0.675169710974468	6.8993839835729
PRJNA231909.3116471	KosticAD_2015	T014292	stool	control	healthy	1	562	child	female	EST	no	IlluminaHiSeq	Qiagen	25662751	17058130	1722871130	101	101	SRR1980164;SRR1980248;SRR1980158;SRR1915766;SRR1909607	Paolo_Manghi,Marisa_Metzger	312	vaginal	exclusively_breastfeeding	T1D_nonconverter	DQA1*05/*03-DQB1*02/*0301	NA	NA	NA	1	562	10.2505133470226	0.854209445585215	2.49852012342102	PRJNA231909.3103734	0	0.831103243157187	10.2505133470226
PRJNA231909.3117624	KosticAD_2015	T014292	stool	control	healthy	1	640	child	female	EST	no	IlluminaHiSeq	Qiagen	25662751	25234382	2548672582	101	101	SRR1980439;SRR1980499;SRR1980500;SRR1916399;SRR1909572	Paolo_Manghi,Marisa_Metzger	390	vaginal	exclusively_breastfeeding	T1D_nonconverter	DQA1*05/*03-DQB1*02/*0301	NA	NA	NA	1	640	12.8131416837782	1.06776180698152	2.97899924940017	PRJNA231909.3103734	0	0.806903396573288	12.8131416837782
PRJNA231909.3117627	KosticAD_2015	T014292	stool	control	healthy	2	740	child	female	EST	no	IlluminaHiSeq	Qiagen	25662751	19233240	1942557240	101	101	SRR1980162;SRR1980226;SRR1980231;SRR1915786;SRR1909574	Paolo_Manghi,Marisa_Metzger	490	vaginal	exclusively_breastfeeding	T1D_nonconverter	DQA1*05/*03-DQB1*02/*0301	NA	NA	NA	2	740	16.0985626283368	1.34154688569473	2.98044504873233	PRJNA231909.3103734	0	0.864497610284309	16.0985626283368
PRJNA231909.3116456	KosticAD_2015	T025418	stool	T1D	T1D	0	255	newborn	female	EST	no	IlluminaHiSeq	Qiagen	25662751	17017406	1718758006	101	101	SRR1980319;SRR1980372;SRR1980385;SRR1916427;SRR1909467	Paolo_Manghi,Marisa_Metzger	0	vaginal	mixed_feeding	NA	DQA1*0201/*03-DQB1*02/*0302-DRB1*0404	IAA;GADA;IA-2A;ICA	540.2	879.65	0	255	0	0	2.36239012525865	PRJNA231909.3116456	0	0	0
PRJNA231909.3117245	KosticAD_2015	T025418	stool	T1D	T1D	1	390	child	female	EST	no	IlluminaHiSeq	Qiagen	25662751	17918626	1809781226	101	101	SRR1980327;SRR1980340;SRR1980374;SRR1915886;SRR1915687	Paolo_Manghi,Marisa_Metzger	135	vaginal	mixed_feeding	NA	DQA1*0201/*03-DQB1*02/*0302-DRB1*0404	IAA;GADA;IA-2A;ICA	540.2	879.65	1	390	4.435318275154	0.369609856262834	2.5101496126696	PRJNA231909.3116456	0	0.470351092956655	4.435318275154
PRJNA231909.3117247	KosticAD_2015	T025418	stool	T1D	T1D	1	470	child	female	EST	no	IlluminaHiSeq	Qiagen	25662751	16758764	1692635164	101	101	SRR1980004;SRR1980005;SRR1980003;SRR1915770;SRR1910201	Paolo_Manghi,Marisa_Metzger	215	vaginal	mixed_feeding	NA	DQA1*0201/*03-DQB1*02/*0302-DRB1*0404	IAA;GADA;IA-2A;ICA	540.2	879.65	1	470	7.06365503080082	0.588637919233402	2.78605958582691	PRJNA231909.3116456	0	0.752595346722353	7.06365503080082
PRJNA231909.3117249	KosticAD_2015	T025418	stool	T1D	T1D	1	510	child	female	EST	no	IlluminaHiSeq	Qiagen	25662751	16962482	1713210682	101	101	SRR1980347;SRR1980370;SRR1980377;SRR1915618;SRR1909520	Paolo_Manghi,Marisa_Metzger	255	vaginal	mixed_feeding	NA	DQA1*0201/*03-DQB1*02/*0302-DRB1*0404	IAA;GADA;IA-2A;ICA	540.2	879.65	1	510	8.37782340862423	0.698151950718686	2.86354603049146	PRJNA231909.3116456	0	0.61314299882924	8.37782340862423
PRJNA231909.3119726	KosticAD_2015	T025418	stool	T1D	T1D	1	560	child	female	EST	no	IlluminaHiSeq	Qiagen	25662751	18500484	1868548884	101	101	SRR1980318;SRR1980384;SRR1980386;SRR1915757;SRR1909506	Paolo_Manghi,Marisa_Metzger	305	vaginal	mixed_feeding	NA	DQA1*0201/*03-DQB1*02/*0302-DRB1*0404	IAA;GADA;IA-2A;ICA	540.2	879.65	1	560	10.0205338809035	0.835044490075291	2.95716224070791	PRJNA231909.3116456	0	0.580974832651532	10.0205338809035
PRJNA231909.3119727	KosticAD_2015	T025418	stool	T1D	T1D	1	625	child	female	EST	no	IlluminaHiSeq	Qiagen	25662751	15857436	1601601036	101	101	SRR1980301;SRR1980348;SRR1980396;SRR1915872;SRR1915609	Paolo_Manghi,Marisa_Metzger	370	vaginal	mixed_feeding	NA	DQA1*0201/*03-DQB1*02/*0302-DRB1*0404	IAA;GADA;IA-2A;ICA	540.2	879.65	1	625	12.1560574948665	1.01300479123888	3.03823352418897	PRJNA231909.3116456	0	0.642303144917564	12.1560574948665
PRJNA231909.3119729	KosticAD_2015	T025418	stool	T1D	T1D	2	1015	child	female	EST	no	IlluminaHiSeq	Qiagen	25662751	19885824	2008468224	101	101	SRR1980290;SRR1980331;SRR1980337;SRR1915784;SRR1909590	Paolo_Manghi,Marisa_Metzger	760	vaginal	mixed_feeding	NA	DQA1*0201/*03-DQB1*02/*0302-DRB1*0404	IAA;GADA;IA-2A;ICA	540.2	879.65	2	1015	24.9691991786448	2.0807665982204	2.97665092625977	PRJNA231909.3116456	0	0.740782065502592	24.9691991786448
